"Date";"Time (UTC)";"Temp. Ins. (C)";"Temp. Max. (C)";"Temp. Min. (C)";"Umi. Ins. (%)";"Umi. Max. (%)";"Umi. Min. (%)";"Pto Orvalho Ins. (C)";"Pto Orvalho Max. (C)";"Pto Orvalho Min. (C)";"Pressure Ins. (hPa)";"Pressure Max. (hPa)";"Pressure Min. (hPa)";"Wind Speed (m/s)";"Wind Dir. (m/s)";"Raj. Vento (m/s)";"Radiation (KJ/m²)";"Rain (mm)"
"01/03/2026";"0000";"25,5";"25,8";"25,4";"";"";"";"";"";"";"1011,9";"1011,9";"1011,4";"2,7";"198,0";"6,0";"";"0,0"
"01/03/2026";"0100";"25,8";"25,8";"25,5";"";"";"";"";"";"";"1012,2";"1012,2";"1011,8";"2,2";"191,0";"6,3";"";"0,0"
"01/03/2026";"0200";"25,5";"25,9";"25,4";"";"";"";"";"";"";"1012,1";"1012,2";"1012,0";"1,7";"185,0";"5,6";"";"0,0"
"01/03/2026";"0300";"25,4";"25,6";"25,3";"";"";"";"";"";"";"1011,7";"1012,1";"1011,7";"2,3";"212,0";"5,7";"";"0,0"
"01/03/2026";"0400";"24,0";"25,4";"24,0";"";"";"";"";"";"";"1011,1";"1011,7";"1011,1";"0,9";"275,0";"5,1";"";"0,0"
"01/03/2026";"0500";"23,2";"24,0";"23,2";"";"";"";"";"";"";"1010,6";"1011,1";"1010,6";"0,7";"248,0";"4,6";"";"0,0"
"01/03/2026";"0600";"23,2";"23,3";"23,0";"";"";"";"";"";"";"1010,5";"1010,6";"1010,3";"1,1";"281,0";"3,1";"";"0,0"
"01/03/2026";"0700";"23,5";"23,5";"23,2";"";"";"";"";"";"";"1010,5";"1010,6";"1010,4";"0,9";"240,0";"3,3";"";"0,0"
"01/03/2026";"0800";"23,0";"23,5";"22,9";"";"";"";"";"";"";"1010,6";"1010,6";"1010,4";"0,7";"265,0";"2,9";"";"0,0"
"01/03/2026";"0900";"22,8";"23,0";"22,7";"";"";"";"";"";"";"1011,0";"1011,0";"1010,6";"1,2";"278,0";"4,1";"1,80";"0,0"
"01/03/2026";"1000";"22,9";"22,9";"22,6";"";"";"";"";"";"";"1011,5";"1011,5";"1011,0";"1,3";"306,0";"3,4";"163,50";"0,0"
"01/03/2026";"1100";"24,2";"24,9";"22,9";"";"";"";"";"";"";"1012,1";"1012,1";"1011,5";"1,5";"312,0";"4,8";"1020,20";"0,0"
"01/03/2026";"1200";"24,4";"24,9";"23,9";"";"";"";"";"";"";"1012,3";"1012,3";"1012,1";"1,1";"324,0";"4,2";"1110,80";"0,0"
"01/03/2026";"1300";"26,1";"26,8";"24,4";"";"";"";"";"";"";"1012,3";"1012,4";"1012,3";"1,2";"316,0";"3,7";"2430,70";"0,0"
"01/03/2026";"1400";"27,1";"27,3";"25,8";"";"";"";"";"";"";"1012,0";"1012,3";"1012,0";"2,9";"204,0";"6,7";"1552,70";"0,0"
"01/03/2026";"1500";"27,5";"28,8";"27,1";"";"";"";"";"";"";"1011,8";"1012,0";"1011,7";"4,3";"210,0";"8,8";"3454,20";"0,0"
"01/03/2026";"1600";"23,8";"27,6";"23,6";"";"";"";"";"";"";"1011,8";"1012,0";"1011,7";"3,5";"210,0";"8,8";"1241,70";"3,0"
"01/03/2026";"1700";"26,0";"26,2";"23,5";"";"";"";"";"";"";"1011,2";"1011,9";"1011,2";"2,9";"200,0";"6,6";"1635,30";"0,2"
"01/03/2026";"1800";"23,4";"26,0";"23,4";"";"";"";"";"";"";"1011,2";"1011,2";"1010,9";"3,1";"185,0";"8,0";"1151,70";"0,6"
"01/03/2026";"1900";"23,5";"23,8";"22,5";"";"";"";"";"";"";"1011,1";"1011,2";"1010,9";"0,8";"266,0";"8,0";"549,90";"0,2"
"01/03/2026";"2000";"24,6";"24,6";"23,4";"";"";"";"";"";"";"1011,2";"1011,3";"1011,1";"1,1";"151,0";"7,4";"473,40";"0,2"
"01/03/2026";"2100";"24,8";"24,8";"24,5";"";"";"";"";"";"";"1011,4";"1011,4";"1011,1";"0,6";"259,0";"2,6";"262,50";"0,0"
"01/03/2026";"2200";"24,2";"24,9";"24,1";"";"";"";"";"";"";"1011,9";"1011,9";"1011,4";"1,8";"10,0";"3,8";"20,50";"0,0"
"01/03/2026";"2300";"23,6";"24,1";"23,6";"";"";"";"";"";"";"1012,3";"1012,3";"1011,9";"0,6";"61,0";"3,5";"";"0,0"
"02/03/2026";"0000";"22,9";"23,6";"22,9";"";"";"";"";"";"";"1012,8";"1012,8";"1012,3";"0,8";"37,0";"2,1";"";"0,0"
"02/03/2026";"0100";"22,1";"22,9";"22,1";"";"";"";"";"";"";"1012,9";"1013,1";"1012,8";"0,8";"37,0";"2,0";"";"0,2"
"02/03/2026";"0200";"22,2";"22,4";"22,1";"";"";"";"";"";"";"1012,8";"1013,0";"1012,8";"1,0";"26,0";"2,0";"";"0,2"
"02/03/2026";"0300";"21,7";"22,2";"21,7";"";"";"";"";"";"";"1012,5";"1012,8";"1012,5";"0,7";"110,0";"2,0";"";"0,0"
"02/03/2026";"0400";"21,1";"21,8";"21,1";"";"";"";"";"";"";"1011,7";"1012,5";"1011,7";"0,2";"143,0";"1,1";"";"0,0"
"02/03/2026";"0500";"20,8";"21,1";"20,7";"";"";"";"";"";"";"1011,2";"1011,7";"1011,2";"0,6";"51,0";"1,2";"";"0,0"
"02/03/2026";"0600";"20,8";"20,9";"20,7";"";"";"";"";"";"";"1011,1";"1011,2";"1011,0";"0,4";"340,0";"1,4";"";"0,0"
"02/03/2026";"0700";"20,7";"20,8";"20,7";"";"";"";"";"";"";"1011,1";"1011,1";"1010,9";"0,4";"124,0";"1,3";"";"0,0"
"02/03/2026";"0800";"21,1";"21,1";"20,7";"";"";"";"";"";"";"1011,4";"1011,4";"1011,0";"0,6";"65,0";"1,7";"";"0,0"
"02/03/2026";"0900";"21,2";"21,4";"21,1";"";"";"";"";"";"";"1011,6";"1011,6";"1011,4";"0,6";"6,0";"2,2";"4,40";"0,0"
"02/03/2026";"1000";"21,6";"21,6";"21,1";"";"";"";"";"";"";"1012,2";"1012,2";"1011,6";"0,9";"39,0";"1,8";"135,70";"0,0"
"02/03/2026";"1100";"22,4";"22,5";"21,6";"";"";"";"";"";"";"1012,8";"1012,8";"1012,2";"0,8";"70,0";"2,6";"542,80";"0,0"
"02/03/2026";"1200";"24,5";"24,8";"22,3";"";"";"";"";"";"";"1013,0";"1013,1";"1012,8";"1,0";"6,0";"2,6";"1137,30";"0,0"
"02/03/2026";"1300";"26,4";"26,4";"24,3";"";"";"";"";"";"";"1013,3";"1013,3";"1013,0";"1,1";"321,0";"3,2";"2417,90";"0,2"
"02/03/2026";"1400";"27,3";"27,3";"25,0";"";"";"";"";"";"";"1012,9";"1013,3";"1012,9";"1,3";"300,0";"3,1";"2999,60";"0,0"
"02/03/2026";"1500";"28,0";"28,5";"26,3";"";"";"";"";"";"";"1012,4";"1012,9";"1012,4";"1,6";"201,0";"5,2";"3165,40";"0,0"
"02/03/2026";"1600";"28,1";"28,8";"27,4";"";"";"";"";"";"";"1012,1";"1012,4";"1012,1";"3,6";"205,0";"6,3";"2982,30";"0,0"
"02/03/2026";"1700";"27,2";"28,2";"26,9";"";"";"";"";"";"";"1011,8";"1012,1";"1011,8";"3,6";"202,0";"7,5";"2146,10";"0,0"
"02/03/2026";"1800";"27,0";"27,2";"26,4";"";"";"";"";"";"";"1011,4";"1011,8";"1011,4";"3,1";"190,0";"6,5";"1138,60";"0,0"
"02/03/2026";"1900";"26,8";"27,2";"26,2";"";"";"";"";"";"";"1011,6";"1011,6";"1011,4";"2,9";"181,0";"7,0";"1386,00";"0,0"
"02/03/2026";"2000";"26,3";"26,8";"26,2";"";"";"";"";"";"";"1011,7";"1011,7";"1011,6";"2,5";"180,0";"6,4";"699,80";"0,0"
"02/03/2026";"2100";"25,6";"26,3";"25,6";"";"";"";"";"";"";"1011,7";"1011,8";"1011,7";"1,9";"179,0";"6,4";"159,50";"0,0"
"02/03/2026";"2200";"24,9";"25,6";"24,9";"";"";"";"";"";"";"1012,1";"1012,1";"1011,7";"1,4";"189,0";"4,4";"11,80";"0,0"
"02/03/2026";"2300";"24,4";"24,9";"24,4";"";"";"";"";"";"";"1012,7";"1012,7";"1012,1";"0,5";"126,0";"3,0";"";"0,0"
"03/03/2026";"0000";"24,2";"24,5";"24,2";"";"";"";"";"";"";"1013,1";"1013,1";"1012,7";"0,6";"199,0";"1,9";"";"0,0"
"03/03/2026";"0100";"23,6";"24,2";"23,6";"";"";"";"";"";"";"1013,2";"1013,3";"1013,1";"0,4";"51,0";"1,9";"";"0,0"
"03/03/2026";"0200";"23,7";"23,7";"23,5";"";"";"";"";"";"";"1013,0";"1013,3";"1013,0";"0,7";"84,0";"1,5";"";"0,0"
"03/03/2026";"0300";"22,9";"23,7";"22,7";"";"";"";"";"";"";"1012,9";"1013,0";"1012,8";"0,5";"116,0";"1,7";"";"0,0"
"03/03/2026";"0400";"22,6";"23,0";"22,6";"";"";"";"";"";"";"1012,5";"1012,9";"1012,5";"0,3";"233,0";"1,7";"";"0,0"
"03/03/2026";"0500";"22,7";"23,0";"22,6";"";"";"";"";"";"";"1011,9";"1012,6";"1011,9";"0,3";"342,0";"1,1";"";"0,0"
"03/03/2026";"0600";"22,0";"22,8";"22,0";"";"";"";"";"";"";"1011,4";"1011,9";"1011,3";"0,3";"252,0";"2,1";"";"0,0"
"03/03/2026";"0700";"21,8";"22,3";"21,8";"";"";"";"";"";"";"1011,4";"1011,4";"1011,3";"0,5";"344,0";"2,5";"";"0,0"
"03/03/2026";"0800";"21,4";"21,8";"21,3";"";"";"";"";"";"";"1011,7";"1011,7";"1011,4";"1,0";"20,0";"1,7";"";"0,0"
"03/03/2026";"0900";"21,9";"22,0";"21,4";"";"";"";"";"";"";"1012,1";"1012,1";"1011,7";"0,5";"28,0";"1,7";"1,50";"0,0"
"03/03/2026";"1000";"23,0";"23,0";"21,9";"";"";"";"";"";"";"1012,8";"1012,8";"1012,1";"1,0";"87,0";"2,4";"199,50";"0,0"
"03/03/2026";"1100";"25,3";"25,4";"23,0";"";"";"";"";"";"";"1013,5";"1013,5";"1012,8";"0,4";"76,0";"1,7";"949,70";"0,0"
"03/03/2026";"1200";"25,2";"26,0";"24,7";"";"";"";"";"";"";"1013,8";"1013,8";"1013,5";"1,0";"301,0";"3,0";"1624,60";"0,0"
"03/03/2026";"1300";"26,5";"27,4";"25,2";"";"";"";"";"";"";"1013,9";"1013,9";"1013,8";"1,6";"325,0";"3,1";"2554,20";"0,0"
"03/03/2026";"1400";"27,1";"27,9";"26,1";"";"";"";"";"";"";"1013,6";"1013,9";"1013,6";"1,2";"292,0";"3,3";"2346,50";"0,0"
"03/03/2026";"1500";"28,9";"29,0";"27,0";"";"";"";"";"";"";"1013,2";"1013,6";"1013,2";"2,8";"203,0";"5,9";"2459,50";"0,0"
"03/03/2026";"1600";"29,1";"29,2";"28,1";"";"";"";"";"";"";"1012,6";"1013,2";"1012,5";"3,2";"217,0";"6,4";"2692,90";"0,0"
"03/03/2026";"1700";"28,8";"29,5";"28,7";"";"";"";"";"";"";"1012,1";"1012,6";"1012,1";"1,8";"128,0";"6,6";"2798,50";"0,0"
"03/03/2026";"1800";"28,8";"29,0";"28,3";"";"";"";"";"";"";"1011,6";"1012,1";"1011,6";"1,6";"169,0";"5,0";"1122,70";"0,0"
"03/03/2026";"1900";"28,0";"29,7";"28,0";"";"";"";"";"";"";"1011,4";"1011,6";"1011,3";"2,9";"166,0";"7,1";"2243,00";"0,0"
"03/03/2026";"2000";"27,9";"28,7";"27,9";"";"";"";"";"";"";"1011,4";"1011,4";"1011,2";"1,6";"134,0";"7,3";"1064,90";"0,0"
"03/03/2026";"2100";"26,8";"27,9";"26,8";"";"";"";"";"";"";"1011,7";"1011,7";"1011,4";"2,0";"120,0";"5,8";"291,10";"0,0"
"03/03/2026";"2200";"26,3";"26,9";"26,2";"";"";"";"";"";"";"1011,9";"1011,9";"1011,7";"1,6";"179,0";"5,7";"5,60";"0,0"
"03/03/2026";"2300";"25,9";"26,3";"25,7";"";"";"";"";"";"";"1012,6";"1012,6";"1011,9";"1,3";"100,0";"4,2";"";"0,0"
"04/03/2026";"0000";"25,8";"25,9";"25,7";"";"";"";"";"";"";"1013,4";"1013,4";"1012,6";"0,8";"84,0";"4,3";"";"0,0"
"04/03/2026";"0100";"25,3";"25,8";"25,3";"";"";"";"";"";"";"1013,5";"1013,6";"1013,4";"0,9";"75,0";"3,7";"";"0,0"
"04/03/2026";"0200";"24,9";"25,3";"24,9";"";"";"";"";"";"";"1013,7";"1013,7";"1013,5";"1,1";"61,0";"3,6";"";"0,0"
"04/03/2026";"0300";"24,5";"24,9";"24,5";"";"";"";"";"";"";"1013,6";"1013,7";"1013,5";"1,0";"111,0";"2,7";"";"0,0"
"04/03/2026";"0400";"24,3";"24,5";"24,3";"";"";"";"";"";"";"1013,3";"1013,6";"1013,3";"0,7";"106,0";"2,7";"";"0,0"
"04/03/2026";"0500";"23,9";"24,3";"23,8";"";"";"";"";"";"";"1012,8";"1013,4";"1012,8";"0,7";"83,0";"2,5";"";"0,0"
"04/03/2026";"0600";"23,3";"23,8";"23,3";"";"";"";"";"";"";"1012,2";"1012,8";"1012,2";"0,3";"54,0";"1,9";"";"0,0"
"04/03/2026";"0700";"23,1";"23,6";"22,9";"";"";"";"";"";"";"1011,9";"1012,2";"1011,9";"1,0";"64,0";"2,4";"";"0,0"
"04/03/2026";"0800";"22,8";"23,2";"22,6";"";"";"";"";"";"";"1011,9";"1012,0";"1011,9";"0,7";"49,0";"1,7";"";"0,0"
"04/03/2026";"0900";"23,5";"23,5";"22,8";"";"";"";"";"";"";"1012,6";"1012,6";"1011,8";"0,4";"110,0";"2,1";"0,20";"0,0"
"04/03/2026";"1000";"24,3";"24,3";"23,2";"";"";"";"";"";"";"1013,0";"1013,0";"1012,6";"0,8";"60,0";"2,0";"208,70";"0,0"
"04/03/2026";"1100";"25,4";"25,8";"24,3";"";"";"";"";"";"";"1013,6";"1013,6";"1013,0";"1,3";"73,0";"4,0";"680,60";"0,0"
"04/03/2026";"1200";"26,0";"26,1";"25,3";"";"";"";"";"";"";"1013,9";"1013,9";"1013,5";"1,2";"68,0";"4,0";"762,30";"0,0"
"04/03/2026";"1300";"27,4";"27,5";"26,0";"";"";"";"";"";"";"1013,9";"1014,0";"1013,8";"1,6";"74,0";"3,4";"1300,90";"0,0"
"04/03/2026";"1400";"29,3";"29,4";"27,4";"";"";"";"";"";"";"1013,6";"1014,0";"1013,6";"1,2";"272,0";"3,2";"3367,70";"0,0"
"04/03/2026";"1500";"29,0";"29,7";"28,1";"";"";"";"";"";"";"1013,1";"1013,6";"1013,1";"1,9";"327,0";"4,3";"3649,60";"0,0"
"04/03/2026";"1600";"29,9";"30,8";"28,1";"";"";"";"";"";"";"1012,4";"1013,2";"1012,4";"1,8";"139,0";"5,2";"2736,80";"0,0"
"04/03/2026";"1700";"30,2";"30,9";"29,5";"";"";"";"";"";"";"1011,8";"1012,4";"1011,8";"2,1";"157,0";"5,5";"2724,50";"0,0"
"04/03/2026";"1800";"30,4";"30,8";"29,8";"";"";"";"";"";"";"1011,6";"1011,9";"1011,6";"2,1";"156,0";"6,8";"2827,70";"0,0"
"04/03/2026";"1900";"29,3";"30,4";"29,3";"";"";"";"";"";"";"1011,7";"1011,7";"1011,5";"2,3";"127,0";"6,5";"2053,90";"0,0"
"04/03/2026";"2000";"28,3";"29,3";"28,2";"";"";"";"";"";"";"1011,8";"1011,8";"1011,6";"1,9";"188,0";"5,8";"907,30";"0,0"
"04/03/2026";"2100";"27,2";"28,4";"27,2";"";"";"";"";"";"";"1012,2";"1012,3";"1011,8";"1,3";"46,0";"7,5";"243,70";"0,0"
"04/03/2026";"2200";"26,5";"27,3";"26,5";"";"";"";"";"";"";"1012,6";"1012,6";"1012,2";"2,1";"117,0";"7,6";"6,20";"0,0"
"04/03/2026";"2300";"26,0";"26,6";"26,0";"";"";"";"";"";"";"1013,2";"1013,2";"1012,6";"1,4";"68,0";"5,7";"";"0,0"
"05/03/2026";"0000";"25,8";"26,1";"25,8";"";"";"";"";"";"";"1014,1";"1014,1";"1013,2";"0,8";"97,0";"3,7";"";"0,0"
"05/03/2026";"0100";"25,7";"25,9";"25,6";"";"";"";"";"";"";"1014,2";"1014,2";"1014,1";"1,4";"95,0";"3,4";"";"0,0"
"05/03/2026";"0200";"25,1";"25,7";"25,1";"";"";"";"";"";"";"1013,9";"1014,2";"1013,8";"1,3";"155,0";"4,7";"";"0,0"
"05/03/2026";"0300";"24,9";"25,1";"24,9";"";"";"";"";"";"";"1013,8";"1013,9";"1013,7";"1,3";"89,0";"5,2";"";"0,0"
"05/03/2026";"0400";"24,8";"24,9";"24,7";"";"";"";"";"";"";"1013,7";"1013,8";"1013,5";"1,3";"95,0";"5,2";"";"0,0"
"05/03/2026";"0500";"24,8";"24,9";"24,7";"";"";"";"";"";"";"1013,2";"1013,7";"1013,2";"1,0";"108,0";"2,7";"";"0,0"
"05/03/2026";"0600";"24,8";"24,9";"24,7";"";"";"";"";"";"";"1013,1";"1013,2";"1013,1";"0,3";"260,0";"2,7";"";"0,0"
"05/03/2026";"0700";"24,6";"25,0";"24,6";"";"";"";"";"";"";"1012,8";"1013,1";"1012,8";"0,2";"75,0";"1,1";"";"0,0"
"05/03/2026";"0800";"24,2";"24,8";"24,2";"";"";"";"";"";"";"1013,0";"1013,0";"1012,8";"0,4";"97,0";"1,2";"";"0,0"
"05/03/2026";"0900";"23,7";"24,4";"23,6";"";"";"";"";"";"";"1013,4";"1013,4";"1013,0";"0,4";"78,0";"1,0";"0,20";"0,0"
"05/03/2026";"1000";"25,2";"25,2";"23,8";"";"";"";"";"";"";"1013,9";"1013,9";"1013,4";"0,8";"69,0";"1,9";"247,90";"0,0"
"05/03/2026";"1100";"26,8";"26,8";"25,3";"";"";"";"";"";"";"1014,4";"1014,5";"1014,0";"1,2";"33,0";"3,3";"1151,70";"0,0"
"05/03/2026";"1200";"28,0";"28,0";"26,7";"";"";"";"";"";"";"1014,6";"1014,6";"1014,4";"0,8";"72,0";"3,3";"1978,80";"0,0"
"05/03/2026";"1300";"29,1";"29,2";"27,5";"";"";"";"";"";"";"1014,5";"1014,6";"1014,5";"1,5";"312,0";"3,5";"2674,60";"0,0"
"05/03/2026";"1400";"30,0";"30,0";"27,6";"";"";"";"";"";"";"1014,6";"1014,9";"1014,5";"1,2";"249,0";"3,8";"2541,00";"0,0"
"05/03/2026";"1500";"31,4";"31,6";"29,4";"";"";"";"";"";"";"1013,9";"1014,6";"1013,9";"3,7";"216,0";"6,4";"3411,30";"0,0"
"05/03/2026";"1600";"30,5";"32,0";"30,2";"";"";"";"";"";"";"1013,3";"1013,9";"1013,3";"2,2";"136,0";"6,4";"2409,60";"0,0"
"05/03/2026";"1700";"31,0";"32,0";"30,6";"";"";"";"";"";"";"1012,7";"1013,3";"1012,7";"2,4";"78,0";"6,1";"2774,40";"0,0"
"05/03/2026";"1800";"30,9";"32,2";"30,6";"";"";"";"";"";"";"1012,3";"1012,7";"1012,2";"2,3";"94,0";"6,0";"2903,50";"0,0"
"05/03/2026";"1900";"30,8";"31,9";"30,6";"";"";"";"";"";"";"1012,2";"1012,4";"1012,1";"2,1";"186,0";"6,0";"2069,30";"0,0"
"05/03/2026";"2000";"29,4";"30,8";"29,4";"";"";"";"";"";"";"1012,1";"1012,2";"1012,0";"2,1";"79,0";"6,1";"775,70";"0,0"
"05/03/2026";"2100";"27,8";"29,4";"27,8";"";"";"";"";"";"";"1012,7";"1012,7";"1012,1";"1,7";"96,0";"8,0";"163,30";"0,0"
"05/03/2026";"2200";"27,1";"27,8";"27,1";"";"";"";"";"";"";"1012,8";"1012,8";"1012,5";"1,5";"48,0";"5,3";"3,70";"0,0"
"05/03/2026";"2300";"26,9";"27,1";"26,9";"";"";"";"";"";"";"1013,3";"1013,3";"1012,7";"1,5";"58,0";"5,3";"";"0,0"
"06/03/2026";"0000";"27,0";"27,0";"26,8";"";"";"";"";"";"";"1014,3";"1014,3";"1013,3";"2,9";"73,0";"7,6";"";"0,0"
"06/03/2026";"0100";"26,3";"27,0";"26,3";"";"";"";"";"";"";"1014,8";"1014,8";"1014,2";"2,5";"81,0";"8,7";"";"0,0"
"06/03/2026";"0200";"25,8";"26,3";"25,8";"";"";"";"";"";"";"1014,5";"1014,9";"1014,5";"2,5";"72,0";"6,2";"";"0,0"
"06/03/2026";"0300";"25,5";"25,8";"25,5";"";"";"";"";"";"";"1014,2";"1014,5";"1014,2";"2,1";"66,0";"5,9";"";"0,0"
"06/03/2026";"0400";"25,3";"25,5";"25,3";"";"";"";"";"";"";"1014,1";"1014,4";"1014,1";"1,0";"121,0";"4,6";"";"0,0"
"06/03/2026";"0500";"25,0";"25,3";"25,0";"";"";"";"";"";"";"1013,6";"1014,1";"1013,6";"1,1";"44,0";"2,9";"";"0,0"
"06/03/2026";"0600";"24,8";"25,0";"24,8";"";"";"";"";"";"";"1013,3";"1013,6";"1013,3";"1,0";"84,0";"2,8";"";"0,0"
"06/03/2026";"0700";"24,7";"24,8";"24,7";"";"";"";"";"";"";"1012,9";"1013,3";"1012,9";"0,6";"116,0";"2,4";"";"0,0"
"06/03/2026";"0800";"24,4";"24,7";"24,4";"";"";"";"";"";"";"1013,0";"1013,0";"1012,7";"0,8";"95,0";"2,5";"";"0,0"
"06/03/2026";"0900";"24,2";"24,4";"24,0";"";"";"";"";"";"";"1013,6";"1013,6";"1013,0";"0,6";"148,0";"2,0";"";"0,0"
"06/03/2026";"1000";"25,7";"25,7";"24,2";"";"";"";"";"";"";"1014,2";"1014,2";"1013,6";"0,7";"123,0";"2,3";"240,60";"0,0"
"06/03/2026";"1100";"26,8";"27,3";"25,6";"";"";"";"";"";"";"1014,5";"1014,6";"1014,2";"0,8";"58,0";"2,5";"1108,70";"0,0"
"06/03/2026";"1200";"28,6";"28,8";"26,8";"";"";"";"";"";"";"1014,7";"1014,7";"1014,5";"0,8";"324,0";"2,7";"2041,60";"0,0"
"06/03/2026";"1300";"29,7";"29,9";"28,2";"";"";"";"";"";"";"1014,8";"1014,9";"1014,6";"1,2";"287,0";"3,3";"2652,70";"0,0"
"06/03/2026";"1400";"31,7";"31,7";"28,9";"";"";"";"";"";"";"1014,3";"1014,8";"1014,3";"2,9";"211,0";"5,1";"3159,20";"0,0"
"06/03/2026";"1500";"32,4";"32,4";"30,9";"";"";"";"";"";"";"1013,5";"1014,3";"1013,5";"3,0";"216,0";"5,9";"3565,70";"0,0"
"06/03/2026";"1600";"32,0";"32,9";"31,3";"";"";"";"";"";"";"1012,8";"1013,6";"1012,8";"2,8";"198,0";"5,9";"2728,40";"0,0"
"06/03/2026";"1700";"30,6";"32,0";"30,3";"";"";"";"";"";"";"1012,2";"1012,8";"1012,2";"2,6";"163,0";"7,0";"2330,60";"0,0"
"06/03/2026";"1800";"31,3";"32,3";"30,4";"";"";"";"";"";"";"1011,5";"1012,2";"1011,4";"2,0";"128,0";"7,0";"2478,20";"0,0"
"06/03/2026";"1900";"30,4";"31,5";"30,3";"";"";"";"";"";"";"1011,1";"1011,6";"1011,0";"3,4";"199,0";"8,6";"2052,00";"0,0"
"06/03/2026";"2000";"28,9";"30,6";"28,9";"";"";"";"";"";"";"1011,3";"1011,3";"1011,1";"1,9";"108,0";"8,6";"812,80";"0,0"
"06/03/2026";"2100";"27,9";"29,0";"27,9";"";"";"";"";"";"";"1011,6";"1011,6";"1011,1";"1,2";"29,0";"6,8";"187,70";"0,0"
"06/03/2026";"2200";"27,5";"28,0";"27,5";"";"";"";"";"";"";"1012,1";"1012,1";"1011,5";"1,0";"139,0";"4,8";"2,70";"0,0"
"06/03/2026";"2300";"27,2";"27,6";"27,2";"";"";"";"";"";"";"1012,3";"1012,3";"1012,1";"1,1";"136,0";"2,8";"";"0,0"
"07/03/2026";"0000";"27,2";"27,4";"27,2";"";"";"";"";"";"";"1013,0";"1013,2";"1012,3";"0,9";"78,0";"4,1";"";"0,0"
"07/03/2026";"0100";"26,7";"27,2";"26,7";"";"";"";"";"";"";"1012,8";"1013,0";"1012,7";"2,7";"72,0";"6,3";"";"0,0"
"07/03/2026";"0200";"26,4";"26,7";"26,4";"";"";"";"";"";"";"1013,1";"1013,1";"1012,6";"0,7";"124,0";"6,3";"";"0,0"
"07/03/2026";"0300";"26,3";"26,5";"26,2";"";"";"";"";"";"";"1013,0";"1013,2";"1013,0";"0,9";"91,0";"3,1";"";"0,0"
"07/03/2026";"0400";"26,2";"26,3";"26,1";"";"";"";"";"";"";"1012,5";"1013,0";"1012,5";"1,0";"53,0";"5,5";"";"0,0"
"07/03/2026";"0500";"26,2";"26,2";"25,9";"";"";"";"";"";"";"1012,0";"1012,5";"1012,0";"1,1";"60,0";"2,2";"";"0,0"
"07/03/2026";"0600";"26,1";"26,2";"26,1";"";"";"";"";"";"";"1011,9";"1012,1";"1011,9";"0,6";"109,0";"2,8";"";"0,0"
"07/03/2026";"0700";"25,9";"26,2";"25,9";"";"";"";"";"";"";"1011,5";"1011,9";"1011,4";"0,7";"162,0";"1,9";"";"0,0"
"07/03/2026";"0800";"25,7";"25,9";"25,7";"";"";"";"";"";"";"1011,5";"1011,5";"1011,4";"0,7";"223,0";"2,5";"";"0,0"
"07/03/2026";"0900";"25,5";"25,7";"25,4";"";"";"";"";"";"";"1011,8";"1011,9";"1011,5";"1,1";"107,0";"2,4";"";"0,0"
"07/03/2026";"1000";"26,3";"26,4";"25,5";"";"";"";"";"";"";"1012,1";"1012,1";"1011,7";"1,3";"41,0";"2,7";"214,40";"0,0"
"07/03/2026";"1100";"28,0";"28,3";"26,3";"";"";"";"";"";"";"1012,5";"1012,6";"1012,1";"1,0";"94,0";"2,7";"1049,20";"0,0"
"07/03/2026";"1200";"28,6";"29,2";"27,8";"";"";"";"";"";"";"1012,3";"1012,5";"1012,3";"1,5";"312,0";"3,9";"1869,10";"0,0"
"07/03/2026";"1300";"29,9";"30,2";"28,4";"";"";"";"";"";"";"1012,1";"1012,3";"1012,1";"1,9";"238,0";"4,9";"2305,20";"0,0"
"07/03/2026";"1400";"30,7";"31,0";"29,8";"";"";"";"";"";"";"1011,2";"1012,1";"1011,2";"1,5";"317,0";"4,9";"3098,20";"0,0"
"07/03/2026";"1500";"32,3";"32,5";"30,3";"";"";"";"";"";"";"1010,1";"1011,2";"1010,1";"1,4";"252,0";"4,3";"3263,60";"0,0"
"07/03/2026";"1600";"34,0";"34,1";"32,3";"";"";"";"";"";"";"1009,0";"1010,1";"1009,0";"1,7";"204,0";"4,8";"3411,20";"0,0"
"07/03/2026";"1700";"34,4";"35,4";"33,8";"";"";"";"";"";"";"1008,2";"1009,0";"1008,2";"2,7";"199,0";"7,0";"3289,60";"0,0"
"07/03/2026";"1800";"34,5";"35,4";"34,0";"";"";"";"";"";"";"1007,8";"1008,2";"1007,8";"2,5";"179,0";"6,9";"2776,30";"0,0"
"07/03/2026";"1900";"32,5";"34,5";"32,0";"";"";"";"";"";"";"1007,8";"1007,9";"1007,5";"1,0";"166,0";"6,9";"709,40";"0,0"
"07/03/2026";"2000";"31,2";"32,6";"31,1";"";"";"";"";"";"";"1008,2";"1008,2";"1007,4";"1,6";"174,0";"6,2";"408,20";"0,0"
"07/03/2026";"2100";"27,1";"31,3";"27,0";"";"";"";"";"";"";"1009,5";"1009,6";"1008,2";"1,4";"337,0";"6,9";"24,90";"0,0"
"07/03/2026";"2200";"26,3";"27,1";"25,1";"";"";"";"";"";"";"1010,6";"1010,9";"1009,5";"1,9";"66,0";"8,2";"";"0,0"
"07/03/2026";"2300";"25,1";"26,3";"25,0";"";"";"";"";"";"";"1011,2";"1012,0";"1010,5";"2,0";"81,0";"8,8";"";"0,2"
"08/03/2026";"0000";"25,0";"25,1";"24,7";"";"";"";"";"";"";"1011,0";"1011,2";"1010,9";"1,2";"105,0";"4,5";"";"1,0"
"08/03/2026";"0100";"24,7";"25,0";"24,5";"";"";"";"";"";"";"1011,0";"1011,1";"1010,6";"0,8";"12,0";"2,6";"";"0,2"
"08/03/2026";"0200";"24,6";"24,7";"24,4";"";"";"";"";"";"";"1011,1";"1011,3";"1011,0";"0,9";"11,0";"3,6";"";"0,0"
"08/03/2026";"0300";"24,8";"24,8";"24,4";"";"";"";"";"";"";"1010,7";"1011,1";"1010,5";"0,8";"172,0";"2,1";"";"0,0"
"08/03/2026";"0400";"24,9";"24,9";"24,6";"";"";"";"";"";"";"1010,6";"1010,7";"1010,3";"0,9";"37,0";"2,5";"";"0,0"
"08/03/2026";"0500";"24,8";"25,0";"24,8";"";"";"";"";"";"";"1009,6";"1010,6";"1009,6";"0,6";"9,0";"2,5";"";"0,0"
"08/03/2026";"0600";"24,8";"24,9";"24,6";"";"";"";"";"";"";"1008,6";"1009,6";"1008,6";"0,8";"57,0";"2,6";"";"0,0"
"08/03/2026";"0700";"24,5";"24,9";"24,5";"";"";"";"";"";"";"1008,0";"1008,5";"1008,0";"1,1";"43,0";"2,7";"";"0,0"
"08/03/2026";"0800";"24,3";"24,5";"24,2";"";"";"";"";"";"";"1007,9";"1008,2";"1007,9";"1,0";"55,0";"2,8";"";"0,0"
"08/03/2026";"0900";"24,3";"24,3";"24,2";"";"";"";"";"";"";"1008,2";"1008,2";"1007,8";"0,6";"61,0";"2,6";"0,10";"0,0"
"08/03/2026";"1000";"25,7";"25,7";"24,3";"";"";"";"";"";"";"1008,5";"1008,5";"1008,0";"1,4";"23,0";"2,7";"324,90";"0,0"
"08/03/2026";"1100";"27,6";"27,7";"25,6";"";"";"";"";"";"";"1009,4";"1009,4";"1008,5";"0,7";"197,0";"2,8";"1137,60";"0,0"
"08/03/2026";"1200";"29,2";"29,2";"27,2";"";"";"";"";"";"";"1010,1";"1010,2";"1009,4";"0,8";"264,0";"2,8";"1381,00";"0,0"
"08/03/2026";"1300";"28,5";"30,0";"28,5";"";"";"";"";"";"";"1010,5";"1010,5";"1010,1";"1,5";"304,0";"3,0";"1960,50";"0,0"
"08/03/2026";"1400";"31,0";"31,9";"28,2";"";"";"";"";"";"";"1010,0";"1010,5";"1010,0";"1,9";"304,0";"3,8";"2959,20";"0,2"
"08/03/2026";"1500";"32,2";"32,4";"31,0";"";"";"";"";"";"";"1009,4";"1010,0";"1009,4";"1,0";"316,0";"3,8";"2597,60";"0,0"
"08/03/2026";"1600";"32,2";"33,5";"32,0";"";"";"";"";"";"";"1009,1";"1009,4";"1009,1";"2,1";"154,0";"4,5";"2800,40";"0,0"
"08/03/2026";"1700";"32,3";"32,8";"31,6";"";"";"";"";"";"";"1008,7";"1009,1";"1008,7";"1,9";"155,0";"6,1";"2730,30";"0,0"
"08/03/2026";"1800";"32,2";"34,1";"32,0";"";"";"";"";"";"";"1008,8";"1008,8";"1008,4";"4,5";"200,0";"9,6";"2763,20";"0,0"
"08/03/2026";"1900";"29,7";"32,2";"29,6";"";"";"";"";"";"";"1009,2";"1009,2";"1008,8";"5,1";"195,0";"11,2";"1853,50";"0,0"
"08/03/2026";"2000";"29,1";"29,8";"29,0";"";"";"";"";"";"";"1009,4";"1009,4";"1008,8";"4,3";"193,0";"11,0";"545,90";"0,0"
"08/03/2026";"2100";"28,8";"29,1";"28,6";"";"";"";"";"";"";"1010,4";"1010,5";"1009,4";"3,4";"204,0";"8,9";"174,60";"0,0"
"08/03/2026";"2200";"28,5";"28,8";"28,5";"";"";"";"";"";"";"1010,8";"1010,8";"1010,3";"2,1";"163,0";"6,8";"4,80";"0,0"
"08/03/2026";"2300";"28,1";"28,5";"28,1";"";"";"";"";"";"";"1011,7";"1011,7";"1010,7";"1,3";"153,0";"5,1";"";"0,0"
"09/03/2026";"0000";"28,1";"28,1";"28,0";"";"";"";"";"";"";"1012,1";"1012,1";"1011,7";"1,2";"171,0";"3,0";"";"0,0"
"09/03/2026";"0100";"27,9";"28,1";"27,9";"";"";"";"";"";"";"1012,5";"1012,7";"1012,1";"0,5";"276,0";"2,8";"";"0,0"
"09/03/2026";"0200";"27,3";"27,9";"27,3";"";"";"";"";"";"";"1012,8";"1012,9";"1012,3";"0,4";"295,0";"2,9";"";"0,0"
"09/03/2026";"0300";"27,5";"27,5";"27,3";"";"";"";"";"";"";"1012,7";"1012,8";"1012,4";"0,5";"266,0";"1,5";"";"0,0"
"09/03/2026";"0400";"27,2";"27,8";"27,2";"";"";"";"";"";"";"1012,2";"1012,7";"1012,2";"0,6";"338,0";"1,9";"";"0,0"
"09/03/2026";"0500";"26,4";"27,2";"26,3";"";"";"";"";"";"";"1011,9";"1012,2";"1011,9";"1,0";"318,0";"3,9";"";"0,0"
"09/03/2026";"0600";"26,1";"26,5";"26,0";"";"";"";"";"";"";"1011,9";"1012,0";"1011,8";"1,0";"300,0";"3,8";"";"0,0"
"09/03/2026";"0700";"25,7";"26,1";"25,6";"";"";"";"";"";"";"1011,9";"1011,9";"1011,8";"1,0";"250,0";"4,3";"";"0,0"
"09/03/2026";"0800";"25,8";"25,9";"25,6";"";"";"";"";"";"";"1011,9";"1012,0";"1011,8";"1,2";"244,0";"2,9";"";"0,0"
"09/03/2026";"0900";"25,0";"25,8";"25,0";"";"";"";"";"";"";"1012,7";"1012,7";"1011,9";"0,6";"269,0";"2,9";"";"0,4"
"09/03/2026";"1000";"24,4";"25,1";"24,3";"";"";"";"";"";"";"1013,9";"1013,9";"1012,7";"1,2";"198,0";"3,2";"3,20";"8,0"
"09/03/2026";"1100";"24,5";"24,8";"24,4";"";"";"";"";"";"";"1014,9";"1014,9";"1013,9";"0,8";"217,0";"3,8";"40,20";"3,6"
"09/03/2026";"1200";"24,3";"24,9";"24,3";"";"";"";"";"";"";"1015,7";"1015,7";"1014,9";"1,4";"223,0";"4,1";"295,90";"2,8"
"09/03/2026";"1300";"24,4";"24,8";"24,3";"";"";"";"";"";"";"1016,1";"1016,2";"1015,7";"2,7";"191,0";"4,9";"353,00";"1,0"
"09/03/2026";"1400";"25,9";"25,9";"24,3";"";"";"";"";"";"";"1015,9";"1016,2";"1015,9";"1,9";"185,0";"5,7";"1139,90";"1,0"
"09/03/2026";"1500";"26,7";"27,5";"25,9";"";"";"";"";"";"";"1015,4";"1016,0";"1015,4";"2,4";"146,0";"5,6";"2229,30";"0,0"
"09/03/2026";"1600";"27,1";"28,2";"26,7";"";"";"";"";"";"";"1015,1";"1015,4";"1015,0";"3,3";"196,0";"7,6";"1997,40";"0,0"
"09/03/2026";"1700";"26,7";"27,5";"26,5";"";"";"";"";"";"";"1014,9";"1015,1";"1014,8";"3,2";"210,0";"8,0";"1368,40";"0,0"
"09/03/2026";"1800";"26,4";"27,9";"25,9";"";"";"";"";"";"";"1014,8";"1014,9";"1014,6";"2,4";"189,0";"8,0";"1054,70";"0,4"
"09/03/2026";"1900";"27,0";"27,1";"26,3";"";"";"";"";"";"";"1015,0";"1015,0";"1014,8";"1,9";"183,0";"5,5";"654,00";"0,0"
"09/03/2026";"2000";"26,1";"27,1";"25,6";"";"";"";"";"";"";"1014,9";"1015,0";"1014,8";"0,9";"209,0";"4,4";"347,60";"0,2"
"09/03/2026";"2100";"26,3";"26,4";"26,1";"";"";"";"";"";"";"1015,3";"1015,3";"1014,8";"1,5";"181,0";"4,6";"191,90";"0,0"
"09/03/2026";"2200";"26,0";"26,3";"26,0";"";"";"";"";"";"";"1015,8";"1015,8";"1015,2";"0,3";"83,0";"2,8";"5,50";"0,2"
"09/03/2026";"2300";"25,4";"26,0";"25,3";"";"";"";"";"";"";"1016,5";"1016,5";"1015,8";"1,3";"28,0";"2,8";"";"0,0"
"10/03/2026";"0000";"25,1";"25,4";"25,1";"";"";"";"";"";"";"1016,7";"1016,7";"1016,5";"1,2";"63,0";"2,6";"";"0,0"
"10/03/2026";"0100";"24,6";"25,1";"24,6";"";"";"";"";"";"";"1016,9";"1017,0";"1016,7";"1,6";"76,0";"3,4";"";"0,0"
"10/03/2026";"0200";"24,0";"24,6";"23,8";"";"";"";"";"";"";"1017,0";"1017,0";"1016,8";"0,9";"49,0";"3,5";"";"0,2"
"10/03/2026";"0300";"24,0";"24,2";"23,9";"";"";"";"";"";"";"1016,7";"1017,0";"1016,7";"1,0";"167,0";"2,4";"";"0,0"
"10/03/2026";"0400";"24,1";"24,1";"23,9";"";"";"";"";"";"";"1015,9";"1016,7";"1015,9";"0,7";"105,0";"2,5";"";"0,0"
"10/03/2026";"0500";"23,7";"24,2";"23,7";"";"";"";"";"";"";"1015,5";"1015,9";"1015,5";"0,7";"91,0";"1,7";"";"0,0"
"10/03/2026";"0600";"23,5";"23,7";"23,5";"";"";"";"";"";"";"1014,8";"1015,5";"1014,8";"0,8";"30,0";"1,8";"";"0,2"
"10/03/2026";"0700";"23,3";"23,7";"23,2";"";"";"";"";"";"";"1015,1";"1015,1";"1014,8";"1,1";"14,0";"3,3";"";"0,0"
"10/03/2026";"0800";"23,2";"23,4";"23,1";"";"";"";"";"";"";"1015,2";"1015,3";"1015,1";"0,9";"26,0";"3,0";"";"0,2"
"10/03/2026";"0900";"23,3";"23,5";"23,2";"";"";"";"";"";"";"1015,8";"1015,8";"1015,2";"0,3";"338,0";"2,1";"";"0,0"
"10/03/2026";"1000";"23,6";"23,7";"23,3";"";"";"";"";"";"";"1016,7";"1016,7";"1015,8";"0,9";"23,0";"2,2";"53,10";"0,0"
"10/03/2026";"1100";"23,7";"23,9";"23,6";"";"";"";"";"";"";"1017,2";"1017,2";"1016,7";"1,1";"78,0";"2,8";"198,20";"0,0"
"10/03/2026";"1200";"24,5";"24,5";"23,7";"";"";"";"";"";"";"1017,7";"1017,7";"1017,1";"0,8";"15,0";"2,9";"407,60";"0,0"
"10/03/2026";"1300";"25,4";"25,4";"24,5";"";"";"";"";"";"";"1017,6";"1017,7";"1017,6";"1,0";"347,0";"2,5";"731,80";"0,0"
"10/03/2026";"1400";"26,2";"26,4";"25,4";"";"";"";"";"";"";"1017,5";"1017,6";"1017,5";"1,3";"350,0";"3,2";"1330,50";"0,0"
"10/03/2026";"1500";"26,2";"27,1";"25,9";"";"";"";"";"";"";"1017,0";"1017,5";"1017,0";"0,7";"237,0";"3,4";"998,50";"0,0"
"10/03/2026";"1600";"26,2";"26,3";"25,8";"";"";"";"";"";"";"1016,3";"1017,0";"1016,3";"1,9";"188,0";"5,0";"529,70";"0,0"
"10/03/2026";"1700";"24,3";"26,2";"24,3";"";"";"";"";"";"";"1016,0";"1016,3";"1016,0";"2,2";"178,0";"5,3";"300,00";"0,2"
"10/03/2026";"1800";"23,6";"24,3";"23,6";"";"";"";"";"";"";"1015,5";"1016,0";"1015,4";"1,9";"224,0";"5,3";"358,30";"2,0"
"10/03/2026";"1900";"24,3";"24,3";"23,6";"";"";"";"";"";"";"1015,3";"1015,5";"1015,3";"0,9";"213,0";"5,0";"423,10";"0,0"
"10/03/2026";"2000";"24,3";"24,3";"24,1";"";"";"";"";"";"";"1015,7";"1015,7";"1015,3";"0,8";"97,0";"3,1";"198,50";"0,0"
"10/03/2026";"2100";"24,4";"24,4";"24,2";"";"";"";"";"";"";"1015,4";"1015,7";"1015,3";"0,7";"47,0";"3,3";"97,20";"0,0"
"10/03/2026";"2200";"23,8";"24,4";"23,8";"";"";"";"";"";"";"1015,8";"1015,8";"1015,4";"1,0";"61,0";"3,7";"";"0,0"
"10/03/2026";"2300";"23,4";"23,9";"23,4";"";"";"";"";"";"";"1015,9";"1015,9";"1015,8";"1,3";"70,0";"3,3";"";"0,0"
"11/03/2026";"0000";"23,5";"23,6";"23,4";"";"";"";"";"";"";"1016,2";"1016,2";"1015,8";"1,0";"57,0";"3,8";"";"0,0"
"11/03/2026";"0100";"23,6";"23,8";"23,5";"";"";"";"";"";"";"1015,9";"1016,3";"1015,9";"1,6";"70,0";"5,0";"";"0,0"
"11/03/2026";"0200";"23,6";"23,6";"23,5";"";"";"";"";"";"";"1015,5";"1015,9";"1015,5";"2,1";"79,0";"5,4";"";"0,0"
"11/03/2026";"0300";"23,4";"23,6";"23,4";"";"";"";"";"";"";"1015,2";"1015,6";"1015,2";"1,2";"118,0";"5,0";"";"0,0"
"11/03/2026";"0400";"23,4";"23,5";"23,3";"";"";"";"";"";"";"1014,6";"1015,2";"1014,6";"1,3";"81,0";"4,5";"";"0,0"
"11/03/2026";"0500";"23,1";"23,4";"23,1";"";"";"";"";"";"";"1014,3";"1014,6";"1014,3";"0,5";"145,0";"2,9";"";"0,0"
"11/03/2026";"0600";"22,8";"23,1";"22,6";"";"";"";"";"";"";"1013,8";"1014,3";"1013,8";"0,5";"137,0";"1,2";"";"0,6"
"11/03/2026";"0700";"22,8";"23,0";"22,7";"";"";"";"";"";"";"1013,5";"1013,8";"1013,5";"0,7";"191,0";"1,7";"";"0,2"
"11/03/2026";"0800";"22,6";"22,9";"22,6";"";"";"";"";"";"";"1013,8";"1013,9";"1013,5";"0,4";"120,0";"1,7";"";"0,0"
"11/03/2026";"0900";"22,7";"23,0";"22,6";"";"";"";"";"";"";"1014,1";"1014,1";"1013,8";"0,5";"71,0";"1,2";"";"0,0"
"11/03/2026";"1000";"23,1";"23,1";"22,6";"";"";"";"";"";"";"1014,7";"1014,7";"1014,1";"0,5";"169,0";"1,2";"69,70";"0,0"
"11/03/2026";"1100";"23,4";"23,5";"23,1";"";"";"";"";"";"";"1015,4";"1015,4";"1014,7";"0,6";"273,0";"1,7";"160,10";"0,0"
"11/03/2026";"1200";"24,0";"24,1";"23,3";"";"";"";"";"";"";"1015,7";"1015,7";"1015,4";"0,9";"183,0";"2,0";"354,50";"0,0"
"11/03/2026";"1300";"24,4";"24,4";"23,9";"";"";"";"";"";"";"1015,7";"1015,8";"1015,7";"1,1";"189,0";"3,0";"463,20";"0,2"
"11/03/2026";"1400";"24,9";"25,0";"24,3";"";"";"";"";"";"";"1015,6";"1015,8";"1015,6";"0,8";"164,0";"2,9";"645,40";"0,0"
"11/03/2026";"1500";"24,9";"25,4";"24,8";"";"";"";"";"";"";"1015,0";"1015,7";"1015,0";"1,1";"92,0";"3,7";"824,60";"0,0"
"11/03/2026";"1600";"23,9";"25,1";"23,8";"";"";"";"";"";"";"1014,3";"1015,0";"1014,3";"1,5";"211,0";"4,4";"570,00";"0,6"
"11/03/2026";"1700";"23,6";"24,1";"23,5";"";"";"";"";"";"";"1013,9";"1014,3";"1013,9";"0,9";"58,0";"3,7";"480,40";"1,4"
"11/03/2026";"1800";"23,1";"23,7";"23,1";"";"";"";"";"";"";"1013,4";"1013,9";"1013,4";"1,1";"221,0";"3,4";"379,30";"1,2"
"11/03/2026";"1900";"22,9";"23,1";"22,7";"";"";"";"";"";"";"1013,2";"1013,4";"1013,1";"0,7";"91,0";"4,1";"302,30";"0,6"
"11/03/2026";"2000";"22,8";"23,0";"22,7";"";"";"";"";"";"";"1013,1";"1013,2";"1013,1";"0,7";"122,0";"3,6";"164,60";"0,0"
"11/03/2026";"2100";"22,5";"22,9";"22,5";"";"";"";"";"";"";"1013,4";"1013,4";"1013,1";"1,0";"119,0";"2,9";"57,60";"0,2"
"11/03/2026";"2200";"22,4";"22,6";"22,4";"";"";"";"";"";"";"1013,7";"1013,7";"1013,4";"0,6";"155,0";"2,5";"";"0,2"
"11/03/2026";"2300";"22,2";"22,4";"22,1";"";"";"";"";"";"";"1014,3";"1014,3";"1013,7";"0,6";"38,0";"1,6";"";"0,4"
"12/03/2026";"0000";"22,6";"22,6";"22,1";"";"";"";"";"";"";"1014,7";"1014,7";"1014,3";"0,9";"131,0";"3,1";"";"0,0"
"12/03/2026";"0100";"22,5";"22,8";"22,5";"";"";"";"";"";"";"1014,7";"1014,7";"1014,6";"0,6";"112,0";"3,9";"";"0,0"
"12/03/2026";"0200";"22,5";"22,7";"22,3";"";"";"";"";"";"";"1014,7";"1014,8";"1014,6";"0,4";"192,0";"2,0";"";"0,0"
"12/03/2026";"0300";"22,7";"23,0";"22,5";"";"";"";"";"";"";"1014,0";"1014,7";"1014,0";"0,9";"170,0";"3,2";"";"0,0"
"12/03/2026";"0400";"22,2";"22,7";"22,2";"";"";"";"";"";"";"1013,0";"1014,0";"1013,0";"0,4";"248,0";"2,2";"";"0,2"
"12/03/2026";"0500";"22,3";"22,3";"22,1";"";"";"";"";"";"";"1012,4";"1013,0";"1012,4";"0,7";"193,0";"1,3";"";"0,0"
"12/03/2026";"0600";"22,6";"22,6";"22,2";"";"";"";"";"";"";"1012,0";"1012,4";"1012,0";"0,7";"63,0";"1,7";"";"0,0"
"12/03/2026";"0700";"22,4";"22,6";"22,3";"";"";"";"";"";"";"1012,5";"1012,6";"1012,0";"0,3";"237,0";"1,3";"";"0,2"
"12/03/2026";"0800";"22,6";"22,8";"22,4";"";"";"";"";"";"";"1012,1";"1012,5";"1012,1";"0,5";"81,0";"2,2";"";"0,0"
"12/03/2026";"0900";"22,4";"22,7";"22,4";"";"";"";"";"";"";"1012,6";"1012,6";"1012,1";"0,6";"332,0";"1,3";"";"0,0"
"12/03/2026";"1000";"22,9";"22,9";"22,4";"";"";"";"";"";"";"1013,0";"1013,0";"1012,6";"0,6";"88,0";"1,3";"82,60";"0,0"
"12/03/2026";"1100";"23,8";"23,8";"22,9";"";"";"";"";"";"";"1013,6";"1013,6";"1013,0";"0,3";"17,0";"1,3";"377,60";"0,0"
"12/03/2026";"1200";"24,3";"24,3";"23,8";"";"";"";"";"";"";"1013,6";"1013,6";"1013,5";"0,9";"75,0";"1,7";"516,80";"0,0"
"12/03/2026";"1300";"24,6";"24,9";"24,1";"";"";"";"";"";"";"1013,4";"1013,6";"1013,3";"0,7";"302,0";"1,7";"723,20";"0,2"
"12/03/2026";"1400";"24,1";"25,1";"24,0";"";"";"";"";"";"";"1013,1";"1013,4";"1013,1";"0,6";"299,0";"2,2";"552,30";"0,4"
"12/03/2026";"1500";"25,1";"25,1";"24,1";"";"";"";"";"";"";"1011,8";"1013,1";"1011,8";"0,6";"8,0";"1,6";"815,30";"0,2"
"12/03/2026";"1600";"24,9";"25,1";"24,4";"";"";"";"";"";"";"1010,7";"1011,8";"1010,7";"0,5";"236,0";"1,9";"846,70";"0,2"
"12/03/2026";"1700";"26,0";"26,1";"24,9";"";"";"";"";"";"";"1009,7";"1010,7";"1009,7";"1,1";"227,0";"2,8";"1287,40";"0,0"
"12/03/2026";"1800";"26,0";"26,4";"25,8";"";"";"";"";"";"";"1008,9";"1009,7";"1008,9";"1,8";"201,0";"3,4";"721,90";"0,2"
"12/03/2026";"1900";"26,5";"26,5";"25,9";"";"";"";"";"";"";"1008,6";"1008,9";"1008,4";"0,2";"31,0";"3,3";"478,20";"0,0"
"12/03/2026";"2000";"26,4";"26,6";"26,0";"";"";"";"";"";"";"1008,2";"1008,6";"1007,9";"0,8";"37,0";"2,5";"244,80";"0,0"
"12/03/2026";"2100";"25,9";"26,4";"25,9";"";"";"";"";"";"";"1008,3";"1008,3";"1008,1";"0,6";"328,0";"1,7";"108,20";"0,0"
"12/03/2026";"2200";"25,8";"25,9";"25,7";"";"";"";"";"";"";"1008,3";"1008,3";"1008,1";"1,1";"56,0";"3,1";"";"0,0"
"12/03/2026";"2300";"25,7";"25,8";"25,7";"";"";"";"";"";"";"1008,8";"1008,8";"1008,2";"0,8";"48,0";"3,0";"";"0,0"
"13/03/2026";"0000";"25,5";"25,7";"25,4";"";"";"";"";"";"";"1009,6";"1009,6";"1008,8";"0,8";"75,0";"3,4";"";"0,0"
"13/03/2026";"0100";"24,9";"25,5";"24,9";"";"";"";"";"";"";"1009,7";"1009,9";"1009,6";"0,6";"71,0";"2,1";"";"1,0"
"13/03/2026";"0200";"24,7";"25,0";"24,7";"";"";"";"";"";"";"1009,8";"1009,8";"1009,4";"0,7";"348,0";"1,6";"";"0,0"
"13/03/2026";"0300";"24,7";"25,0";"24,7";"";"";"";"";"";"";"1008,7";"1009,8";"1008,7";"0,7";"187,0";"1,7";"";"3,8"
"13/03/2026";"0400";"24,6";"24,7";"24,5";"";"";"";"";"";"";"1007,7";"1008,7";"1007,6";"1,0";"350,0";"2,2";"";"0,2"
"13/03/2026";"0500";"24,6";"24,7";"24,5";"";"";"";"";"";"";"1006,7";"1007,7";"1006,7";"0,6";"359,0";"2,6";"";"0,0"
"13/03/2026";"0600";"24,6";"24,7";"24,5";"";"";"";"";"";"";"1006,2";"1006,7";"1006,2";"0,5";"68,0";"1,4";"";"0,0"
"13/03/2026";"0700";"24,4";"24,6";"24,4";"";"";"";"";"";"";"1005,8";"1006,2";"1005,7";"0,3";"325,0";"1,2";"";"0,0"
"13/03/2026";"0800";"24,4";"24,4";"24,3";"";"";"";"";"";"";"1006,3";"1006,3";"1005,7";"0,5";"172,0";"1,9";"";"0,0"
"13/03/2026";"0900";"24,5";"24,5";"24,3";"";"";"";"";"";"";"1006,5";"1006,7";"1006,3";"0,5";"126,0";"1,8";"";"0,0"
"13/03/2026";"1000";"25,0";"25,0";"24,4";"";"";"";"";"";"";"1006,7";"1006,7";"1006,4";"0,4";"224,0";"1,4";"165,40";"0,0"
"13/03/2026";"1100";"26,4";"26,4";"24,9";"";"";"";"";"";"";"1007,2";"1007,2";"1006,7";"0,5";"136,0";"1,4";"457,90";"0,0"
"13/03/2026";"1200";"30,1";"30,1";"26,5";"";"";"";"";"";"";"1007,5";"1007,5";"1007,2";"1,8";"234,0";"3,9";"1795,80";"0,0"
"13/03/2026";"1300";"29,7";"30,3";"29,3";"";"";"";"";"";"";"1007,9";"1007,9";"1007,6";"1,7";"228,0";"4,9";"1420,40";"0,0"
"13/03/2026";"1400";"29,9";"30,2";"29,4";"";"";"";"";"";"";"1008,2";"1008,2";"1007,9";"2,4";"249,0";"7,0";"2246,30";"0,0"
"13/03/2026";"1500";"28,2";"30,7";"28,2";"";"";"";"";"";"";"1008,3";"1008,3";"1008,2";"4,0";"207,0";"7,9";"2161,90";"0,0"
"13/03/2026";"1600";"27,8";"28,3";"27,4";"";"";"";"";"";"";"1008,1";"1008,3";"1008,1";"3,8";"213,0";"7,9";"956,40";"0,0"
"13/03/2026";"1700";"28,2";"28,2";"27,4";"";"";"";"";"";"";"1007,8";"1008,1";"1007,8";"3,9";"221,0";"9,1";"1500,80";"0,0"
"13/03/2026";"1800";"27,9";"28,7";"27,9";"";"";"";"";"";"";"1007,6";"1007,8";"1007,6";"2,3";"201,0";"8,4";"1541,60";"0,0"
"13/03/2026";"1900";"27,4";"27,9";"26,8";"";"";"";"";"";"";"1007,5";"1007,8";"1007,5";"2,3";"215,0";"7,9";"429,50";"0,0"
"13/03/2026";"2000";"26,7";"27,6";"26,6";"";"";"";"";"";"";"1008,2";"1008,2";"1007,5";"2,5";"208,0";"6,2";"350,00";"0,0"
"13/03/2026";"2100";"24,2";"26,8";"24,2";"";"";"";"";"";"";"1008,8";"1008,8";"1008,2";"0,7";"284,0";"8,3";"32,80";"4,6"
"13/03/2026";"2200";"24,2";"24,2";"23,9";"";"";"";"";"";"";"1009,9";"1009,9";"1008,8";"0,6";"321,0";"3,3";"0,10";"1,0"
"13/03/2026";"2300";"24,1";"24,3";"24,0";"";"";"";"";"";"";"1010,3";"1010,3";"1009,9";"1,0";"323,0";"3,3";"";"0,4"
"14/03/2026";"0000";"24,0";"24,1";"23,9";"";"";"";"";"";"";"1010,9";"1010,9";"1010,3";"1,1";"352,0";"3,6";"";"0,4"
"14/03/2026";"0100";"23,8";"24,0";"23,8";"";"";"";"";"";"";"1010,6";"1011,0";"1010,6";"0,9";"298,0";"3,6";"";"0,0"
"14/03/2026";"0200";"23,8";"23,8";"23,7";"";"";"";"";"";"";"1010,2";"1010,6";"1010,0";"0,6";"304,0";"4,4";"";"0,0"
"14/03/2026";"0300";"24,0";"24,0";"23,8";"";"";"";"";"";"";"1009,7";"1010,2";"1009,7";"0,5";"17,0";"3,3";"";"0,0"
"14/03/2026";"0400";"23,8";"24,0";"23,8";"";"";"";"";"";"";"1009,2";"1009,7";"1009,2";"0,4";"236,0";"1,7";"";"0,0"
"14/03/2026";"0500";"23,5";"23,8";"23,5";"";"";"";"";"";"";"1008,7";"1009,2";"1008,7";"0,2";"221,0";"1,7";"";"0,0"
"14/03/2026";"0600";"23,2";"23,5";"23,2";"";"";"";"";"";"";"1008,5";"1008,7";"1008,5";"0,2";"187,0";"0,8";"";"0,0"
"14/03/2026";"0700";"23,0";"23,3";"23,0";"";"";"";"";"";"";"1008,6";"1008,6";"1008,3";"0,3";"48,0";"0,9";"";"0,0"
"14/03/2026";"0800";"22,8";"23,1";"22,8";"";"";"";"";"";"";"1008,7";"1008,7";"1008,5";"0,4";"235,0";"1,4";"";"0,0"
"14/03/2026";"0900";"22,7";"22,8";"22,6";"";"";"";"";"";"";"1009,3";"1009,3";"1008,7";"0,2";"240,0";"0,9";"";"0,0"
"14/03/2026";"1000";"23,4";"23,4";"22,7";"";"";"";"";"";"";"1009,8";"1009,8";"1009,3";"1,0";"32,0";"2,1";"205,20";"0,0"
"14/03/2026";"1100";"24,7";"24,7";"23,4";"";"";"";"";"";"";"1010,7";"1010,7";"1009,8";"0,8";"89,0";"2,1";"647,00";"0,0"
"14/03/2026";"1200";"26,5";"26,6";"24,6";"";"";"";"";"";"";"1010,9";"1010,9";"1010,7";"1,1";"333,0";"2,6";"1579,60";"0,0"
"14/03/2026";"1300";"26,9";"27,4";"26,1";"";"";"";"";"";"";"1011,0";"1011,1";"1010,9";"1,1";"287,0";"3,0";"2596,90";"0,0"
"14/03/2026";"1400";"28,2";"28,7";"26,8";"";"";"";"";"";"";"1010,9";"1011,0";"1010,9";"2,2";"190,0";"4,8";"2456,50";"0,0"
"14/03/2026";"1500";"28,9";"29,5";"28,2";"";"";"";"";"";"";"1010,5";"1010,9";"1010,5";"3,3";"204,0";"6,1";"3305,20";"0,0"
"14/03/2026";"1600";"29,0";"29,7";"28,6";"";"";"";"";"";"";"1010,3";"1010,5";"1010,3";"3,9";"188,0";"7,9";"3550,50";"0,0"
"14/03/2026";"1700";"29,3";"29,8";"28,5";"";"";"";"";"";"";"1009,7";"1010,3";"1009,7";"4,6";"198,0";"8,3";"3373,80";"0,0"
"14/03/2026";"1800";"28,7";"29,5";"28,7";"";"";"";"";"";"";"1009,4";"1009,8";"1009,3";"4,6";"207,0";"9,2";"2794,40";"0,0"
"14/03/2026";"1900";"28,0";"28,8";"27,6";"";"";"";"";"";"";"1009,1";"1009,4";"1009,1";"5,1";"195,0";"9,8";"2089,70";"0,0"
"14/03/2026";"2000";"27,1";"28,2";"27,1";"";"";"";"";"";"";"1009,2";"1009,3";"1009,1";"3,9";"205,0";"9,1";"525,90";"0,0"
"14/03/2026";"2100";"26,1";"27,1";"26,1";"";"";"";"";"";"";"1009,3";"1009,5";"1009,1";"3,0";"192,0";"8,2";"102,60";"0,0"
"14/03/2026";"2200";"25,4";"26,1";"25,4";"";"";"";"";"";"";"1010,1";"1010,1";"1009,3";"2,3";"194,0";"5,9";"1,60";"0,0"
"14/03/2026";"2300";"25,2";"25,5";"25,2";"";"";"";"";"";"";"1011,0";"1011,0";"1010,1";"1,4";"165,0";"4,7";"";"0,0"
"15/03/2026";"0000";"24,9";"25,4";"24,9";"";"";"";"";"";"";"1011,4";"1011,4";"1011,0";"0,8";"158,0";"3,2";"";"0,0"
"15/03/2026";"0100";"24,2";"24,9";"24,2";"";"";"";"";"";"";"1011,8";"1011,8";"1011,4";"0,6";"76,0";"1,9";"";"0,0"
"15/03/2026";"0200";"23,6";"24,3";"23,6";"";"";"";"";"";"";"1011,6";"1011,8";"1011,6";"0,2";"336,0";"1,5";"";"0,0"
"15/03/2026";"0300";"23,2";"23,7";"23,2";"";"";"";"";"";"";"1011,2";"1011,6";"1011,2";"0,5";"47,0";"2,1";"";"0,0"
"15/03/2026";"0400";"23,3";"23,3";"23,1";"";"";"";"";"";"";"1010,7";"1011,2";"1010,7";"0,6";"32,0";"1,7";"";"0,0"
"15/03/2026";"0500";"23,0";"23,3";"22,9";"";"";"";"";"";"";"1010,0";"1010,8";"1010,0";"0,8";"34,0";"1,7";"";"0,0"
"15/03/2026";"0600";"22,5";"23,0";"22,5";"";"";"";"";"";"";"1010,0";"1010,1";"1009,9";"0,6";"34,0";"3,0";"";"0,0"
"15/03/2026";"0700";"22,2";"22,5";"22,1";"";"";"";"";"";"";"1009,9";"1010,0";"1009,8";"0,9";"56,0";"2,1";"";"0,0"
"15/03/2026";"0800";"22,0";"22,2";"22,0";"";"";"";"";"";"";"1010,4";"1010,4";"1009,8";"0,7";"188,0";"1,9";"";"0,0"
"15/03/2026";"0900";"22,4";"22,5";"22,0";"";"";"";"";"";"";"1010,7";"1010,7";"1010,2";"1,1";"100,0";"2,1";"";"0,0"
"15/03/2026";"1000";"22,8";"22,8";"22,3";"";"";"";"";"";"";"1011,0";"1011,0";"1010,7";"0,9";"75,0";"2,1";"228,20";"0,0"
"15/03/2026";"1100";"24,8";"24,8";"22,8";"";"";"";"";"";"";"1011,6";"1011,6";"1011,0";"1,6";"7,0";"3,5";"1162,40";"0,0"
"15/03/2026";"1200";"26,0";"26,3";"24,7";"";"";"";"";"";"";"1011,8";"1011,9";"1011,6";"1,4";"359,0";"3,8";"2007,50";"0,0"
"15/03/2026";"1300";"26,9";"27,1";"25,8";"";"";"";"";"";"";"1011,6";"1011,9";"1011,6";"1,7";"314,0";"3,8";"2735,70";"0,0"
"15/03/2026";"1400";"28,6";"28,6";"25,9";"";"";"";"";"";"";"1011,2";"1011,7";"1011,2";"1,4";"329,0";"4,2";"3242,20";"0,0"
"15/03/2026";"1500";"29,6";"30,2";"28,1";"";"";"";"";"";"";"1010,8";"1011,2";"1010,8";"2,1";"237,0";"4,4";"3498,10";"0,0"
"15/03/2026";"1600";"31,7";"31,7";"29,2";"";"";"";"";"";"";"1010,0";"1010,8";"1010,0";"2,0";"229,0";"5,2";"3522,70";"0,0"
"15/03/2026";"1700";"31,5";"32,1";"30,9";"";"";"";"";"";"";"1009,5";"1010,0";"1009,5";"3,4";"226,0";"7,5";"3256,80";"0,0"
"15/03/2026";"1800";"31,2";"31,9";"31,2";"";"";"";"";"";"";"1009,0";"1009,5";"1009,0";"2,8";"186,0";"7,6";"2767,50";"0,0"
"15/03/2026";"1900";"30,2";"31,5";"30,2";"";"";"";"";"";"";"1009,1";"1009,1";"1008,9";"2,5";"170,0";"6,0";"2049,50";"0,0"
"15/03/2026";"2000";"29,1";"30,6";"29,1";"";"";"";"";"";"";"1009,3";"1009,3";"1009,0";"1,3";"238,0";"5,4";"420,80";"0,0"
"15/03/2026";"2100";"28,3";"29,2";"28,3";"";"";"";"";"";"";"1009,8";"1009,8";"1009,3";"1,4";"188,0";"4,8";"105,70";"0,0"
"15/03/2026";"2200";"27,1";"28,3";"27,1";"";"";"";"";"";"";"1010,2";"1010,2";"1009,8";"0,4";"329,0";"3,2";"0,70";"0,0"
"15/03/2026";"2300";"27,5";"28,0";"27,0";"";"";"";"";"";"";"1010,9";"1010,9";"1010,2";"0,6";"271,0";"3,5";"";"0,0"
"16/03/2026";"0000";"26,7";"27,5";"26,7";"";"";"";"";"";"";"1011,7";"1011,7";"1010,9";"0,7";"94,0";"2,5";"";"0,0"
"16/03/2026";"0100";"26,1";"26,7";"26,0";"";"";"";"";"";"";"1012,3";"1012,3";"1011,7";"0,7";"128,0";"2,8";"";"0,0"
"16/03/2026";"0200";"25,3";"26,1";"25,3";"";"";"";"";"";"";"1012,4";"1012,4";"1012,2";"0,6";"122,0";"1,6";"";"0,0"
"16/03/2026";"0300";"25,2";"25,5";"25,1";"";"";"";"";"";"";"1012,4";"1012,6";"1012,4";"1,4";"85,0";"3,3";"";"0,0"
"16/03/2026";"0400";"24,8";"25,2";"24,8";"";"";"";"";"";"";"1011,8";"1012,4";"1011,8";"1,0";"116,0";"3,3";"";"0,0"
"16/03/2026";"0500";"24,3";"25,0";"24,3";"";"";"";"";"";"";"1011,4";"1011,8";"1011,4";"0,5";"49,0";"3,1";"";"0,0"
"16/03/2026";"0600";"24,0";"24,5";"24,0";"";"";"";"";"";"";"1011,2";"1011,4";"1011,2";"1,1";"83,0";"4,6";"";"0,0"
"16/03/2026";"0700";"23,6";"24,1";"23,6";"";"";"";"";"";"";"1011,1";"1011,2";"1010,9";"0,9";"54,0";"2,5";"";"0,0"
"16/03/2026";"0800";"23,0";"23,6";"23,0";"";"";"";"";"";"";"1011,2";"1011,2";"1011,1";"0,5";"344,0";"2,0";"";"0,0"
"16/03/2026";"0900";"22,8";"23,0";"22,8";"";"";"";"";"";"";"1011,9";"1011,9";"1011,2";"0,6";"340,0";"1,8";"";"0,0"
"16/03/2026";"1000";"24,1";"24,1";"22,8";"";"";"";"";"";"";"1012,2";"1012,2";"1011,9";"0,9";"39,0";"1,8";"227,50";"0,0"
"16/03/2026";"1100";"25,4";"25,6";"24,0";"";"";"";"";"";"";"1012,9";"1012,9";"1012,2";"1,2";"9,0";"3,1";"1091,10";"0,0"
"16/03/2026";"1200";"26,1";"26,6";"25,5";"";"";"";"";"";"";"1013,2";"1013,2";"1012,9";"1,6";"322,0";"4,1";"1946,70";"0,0"
"16/03/2026";"1300";"26,9";"27,1";"26,0";"";"";"";"";"";"";"1013,4";"1013,5";"1013,2";"1,2";"323,0";"4,6";"2687,00";"0,0"
"16/03/2026";"1400";"29,2";"29,2";"26,9";"";"";"";"";"";"";"1013,1";"1013,4";"1013,1";"1,4";"319,0";"3,2";"3205,00";"0,0"
"16/03/2026";"1500";"31,4";"31,4";"29,2";"";"";"";"";"";"";"1012,3";"1013,1";"1012,3";"1,3";"315,0";"3,1";"3474,50";"0,0"
"16/03/2026";"1600";"32,5";"32,6";"30,7";"";"";"";"";"";"";"1011,5";"1012,3";"1011,5";"2,4";"221,0";"4,8";"3474,10";"0,0"
"16/03/2026";"1700";"32,6";"33,5";"31,9";"";"";"";"";"";"";"1010,8";"1011,5";"1010,8";"2,8";"204,0";"5,1";"3216,60";"0,0"
"16/03/2026";"1800";"32,1";"33,6";"32,1";"";"";"";"";"";"";"1010,6";"1010,8";"1010,5";"4,2";"212,0";"6,8";"2691,60";"0,0"
"16/03/2026";"1900";"31,2";"32,6";"31,2";"";"";"";"";"";"";"1010,5";"1010,6";"1010,4";"2,6";"167,0";"6,8";"2011,30";"0,0"
"16/03/2026";"2000";"29,3";"31,3";"29,3";"";"";"";"";"";"";"1010,5";"1010,6";"1010,5";"2,3";"162,0";"7,3";"398,40";"0,0"
"16/03/2026";"2100";"28,4";"29,4";"28,4";"";"";"";"";"";"";"1010,8";"1010,8";"1010,4";"1,9";"113,0";"6,5";"110,20";"0,0"
"16/03/2026";"2200";"26,9";"28,4";"26,9";"";"";"";"";"";"";"1011,3";"1011,3";"1010,8";"1,9";"199,0";"5,0";"0,60";"0,0"
"16/03/2026";"2300";"27,0";"27,0";"26,8";"";"";"";"";"";"";"1012,1";"1012,1";"1011,3";"0,8";"305,0";"4,2";"";"0,0"
"17/03/2026";"0000";"26,7";"27,2";"26,6";"";"";"";"";"";"";"1013,3";"1013,3";"1012,1";"1,0";"108,0";"3,9";"";"0,0"
"17/03/2026";"0100";"25,9";"26,7";"25,9";"";"";"";"";"";"";"1013,4";"1013,7";"1013,3";"1,7";"99,0";"5,5";"";"0,0"
"17/03/2026";"0200";"25,6";"25,9";"25,6";"";"";"";"";"";"";"1013,6";"1013,7";"1013,4";"1,4";"40,0";"6,8";"";"0,0"
"17/03/2026";"0300";"25,3";"25,6";"25,3";"";"";"";"";"";"";"1013,7";"1013,8";"1013,6";"1,8";"58,0";"5,0";"";"0,0"
"17/03/2026";"0400";"24,8";"25,4";"24,8";"";"";"";"";"";"";"1013,3";"1013,8";"1013,3";"1,6";"81,0";"5,5";"";"0,0"
"17/03/2026";"0500";"24,5";"24,8";"24,5";"";"";"";"";"";"";"1012,7";"1013,3";"1012,7";"1,0";"82,0";"3,8";"";"0,0"
"17/03/2026";"0600";"23,7";"24,5";"23,6";"";"";"";"";"";"";"1012,0";"1012,7";"1012,0";"0,3";"120,0";"2,9";"";"0,0"
"17/03/2026";"0700";"23,1";"23,9";"23,1";"";"";"";"";"";"";"1011,9";"1012,0";"1011,9";"0,2";"84,0";"1,5";"";"0,0"
"17/03/2026";"0800";"22,9";"23,5";"22,8";"";"";"";"";"";"";"1012,2";"1012,2";"1011,9";"0,5";"89,0";"1,7";"";"0,0"
"17/03/2026";"0900";"23,1";"23,1";"22,8";"";"";"";"";"";"";"1012,7";"1012,7";"1012,2";"0,9";"63,0";"2,1";"";"0,0"
"17/03/2026";"1000";"24,1";"24,1";"23,1";"";"";"";"";"";"";"1013,6";"1013,6";"1012,7";"1,0";"125,0";"2,1";"229,90";"0,0"
"17/03/2026";"1100";"26,6";"26,6";"24,1";"";"";"";"";"";"";"1014,1";"1014,1";"1013,5";"0,6";"125,0";"2,1";"1021,70";"0,0"
"17/03/2026";"1200";"27,9";"27,9";"25,8";"";"";"";"";"";"";"1014,2";"1014,2";"1014,1";"0,8";"206,0";"2,6";"1913,10";"0,0"
"17/03/2026";"1300";"28,0";"28,7";"26,7";"";"";"";"";"";"";"1013,9";"1014,2";"1013,9";"1,6";"304,0";"4,0";"2430,50";"0,0"
"17/03/2026";"1400";"30,2";"30,4";"27,6";"";"";"";"";"";"";"1013,4";"1014,0";"1013,4";"2,6";"211,0";"4,7";"3153,30";"0,0"
"17/03/2026";"1500";"30,9";"31,3";"29,8";"";"";"";"";"";"";"1012,7";"1013,5";"1012,7";"3,3";"210,0";"6,6";"3467,90";"0,0"
"17/03/2026";"1600";"31,6";"32,1";"30,8";"";"";"";"";"";"";"1011,9";"1012,7";"1011,9";"2,8";"176,0";"6,4";"3478,80";"0,0"
"17/03/2026";"1700";"31,9";"32,2";"30,8";"";"";"";"";"";"";"1011,4";"1011,9";"1011,4";"2,0";"164,0";"6,5";"3206,10";"0,0"
"17/03/2026";"1800";"31,1";"31,9";"30,6";"";"";"";"";"";"";"1010,9";"1011,4";"1010,8";"2,5";"179,0";"5,9";"2702,40";"0,0"
"17/03/2026";"1900";"30,3";"31,3";"29,8";"";"";"";"";"";"";"1010,2";"1010,9";"1010,1";"2,3";"179,0";"6,7";"1996,00";"0,0"
"17/03/2026";"2000";"29,1";"30,3";"29,1";"";"";"";"";"";"";"1010,4";"1010,4";"1010,1";"2,2";"123,0";"6,9";"407,20";"0,0"
"17/03/2026";"2100";"27,4";"29,1";"27,4";"";"";"";"";"";"";"1010,6";"1010,6";"1010,4";"1,5";"172,0";"5,3";"117,40";"0,0"
"17/03/2026";"2200";"26,6";"27,4";"26,6";"";"";"";"";"";"";"1011,4";"1011,4";"1010,6";"1,3";"152,0";"4,7";"";"0,0"
"17/03/2026";"2300";"25,9";"26,6";"25,9";"";"";"";"";"";"";"1012,4";"1012,4";"1011,4";"1,5";"147,0";"4,1";"";"0,0"
"18/03/2026";"0000";"25,7";"26,1";"25,7";"";"";"";"";"";"";"1013,2";"1013,2";"1012,4";"1,5";"173,0";"3,7";"";"0,0"
"18/03/2026";"0100";"25,3";"25,7";"25,2";"";"";"";"";"";"";"1013,8";"1013,8";"1013,2";"0,2";"258,0";"2,7";"";"0,0"
"18/03/2026";"0200";"25,2";"25,5";"24,9";"";"";"";"";"";"";"1013,6";"1013,9";"1013,6";"0,6";"150,0";"1,6";"";"0,0"
"18/03/2026";"0300";"24,9";"25,3";"24,6";"";"";"";"";"";"";"1013,0";"1013,6";"1013,0";"0,9";"92,0";"2,1";"";"0,0"
"18/03/2026";"0400";"24,9";"25,0";"24,7";"";"";"";"";"";"";"1012,3";"1013,0";"1012,3";"0,6";"216,0";"2,1";"";"0,0"
"18/03/2026";"0500";"25,1";"25,2";"24,9";"";"";"";"";"";"";"1011,8";"1012,3";"1011,8";"1,1";"165,0";"2,3";"";"0,0"
"18/03/2026";"0600";"24,6";"25,1";"24,5";"";"";"";"";"";"";"1010,9";"1011,8";"1010,9";"0,5";"109,0";"2,3";"";"0,0"
"18/03/2026";"0700";"24,7";"24,7";"24,5";"";"";"";"";"";"";"1011,0";"1011,0";"1010,7";"0,4";"109,0";"1,9";"";"0,0"
"18/03/2026";"0800";"24,8";"24,8";"24,6";"";"";"";"";"";"";"1011,3";"1011,3";"1010,9";"0,7";"145,0";"2,6";"";"0,0"
"18/03/2026";"0900";"24,7";"24,8";"24,3";"";"";"";"";"";"";"1012,1";"1012,1";"1011,3";"0,5";"139,0";"2,1";"";"0,0"
"18/03/2026";"1000";"25,2";"25,2";"24,7";"";"";"";"";"";"";"1012,6";"1012,6";"1012,1";"0,3";"107,0";"1,9";"195,20";"0,0"
"18/03/2026";"1100";"26,0";"26,2";"25,2";"";"";"";"";"";"";"1012,9";"1013,0";"1012,6";"1,5";"23,0";"2,8";"555,60";"0,0"
"18/03/2026";"1200";"27,3";"27,7";"26,0";"";"";"";"";"";"";"1012,6";"1012,9";"1012,6";"0,8";"8,0";"3,3";"1466,30";"0,0"
"18/03/2026";"1300";"28,7";"28,9";"27,2";"";"";"";"";"";"";"1012,4";"1012,7";"1012,4";"1,2";"312,0";"2,7";"2439,00";"0,0"
"18/03/2026";"1400";"30,0";"30,3";"28,0";"";"";"";"";"";"";"1011,8";"1012,4";"1011,8";"1,3";"233,0";"4,0";"2426,40";"0,0"
"18/03/2026";"1500";"30,6";"31,0";"29,7";"";"";"";"";"";"";"1011,1";"1011,8";"1011,1";"2,4";"211,0";"5,2";"3144,20";"0,0"
"18/03/2026";"1600";"31,2";"31,3";"30,4";"";"";"";"";"";"";"1010,1";"1011,1";"1010,1";"2,7";"215,0";"5,5";"3346,90";"0,0"
"18/03/2026";"1700";"30,7";"31,4";"30,4";"";"";"";"";"";"";"1009,4";"1010,1";"1009,4";"4,0";"216,0";"7,6";"3085,20";"0,0"
"18/03/2026";"1800";"30,3";"31,0";"29,8";"";"";"";"";"";"";"1008,7";"1009,4";"1008,6";"2,8";"183,0";"7,4";"2570,20";"0,0"
"18/03/2026";"1900";"29,2";"30,5";"29,1";"";"";"";"";"";"";"1008,1";"1008,7";"1008,1";"3,2";"182,0";"6,9";"1878,90";"0,0"
"18/03/2026";"2000";"28,0";"29,2";"28,0";"";"";"";"";"";"";"1008,3";"1008,3";"1008,0";"2,9";"184,0";"6,9";"505,50";"0,0"
"18/03/2026";"2100";"26,5";"28,0";"26,5";"";"";"";"";"";"";"1008,9";"1008,9";"1008,3";"2,1";"145,0";"6,8";"170,50";"0,0"
"18/03/2026";"2200";"26,0";"26,6";"26,0";"";"";"";"";"";"";"1009,4";"1009,4";"1008,9";"1,9";"100,0";"7,4";"";"0,0"
"18/03/2026";"2300";"26,1";"26,2";"25,9";"";"";"";"";"";"";"1010,3";"1010,3";"1009,4";"1,4";"214,0";"7,4";"";"0,0"
"19/03/2026";"0000";"26,0";"26,3";"26,0";"";"";"";"";"";"";"1011,2";"1011,3";"1010,4";"1,0";"144,0";"4,0";"";"0,0"
"19/03/2026";"0100";"25,7";"26,0";"25,7";"";"";"";"";"";"";"1011,3";"1011,3";"1011,1";"0,9";"223,0";"4,0";"";"0,0"
"19/03/2026";"0200";"25,5";"25,8";"25,5";"";"";"";"";"";"";"1011,0";"1011,3";"1010,9";"1,3";"179,0";"3,4";"";"0,0"
"19/03/2026";"0300";"25,3";"25,5";"25,3";"";"";"";"";"";"";"1010,6";"1011,0";"1010,6";"0,8";"183,0";"3,0";"";"0,0"
"19/03/2026";"0400";"24,6";"25,3";"24,6";"";"";"";"";"";"";"1010,2";"1010,6";"1010,1";"0,5";"231,0";"2,1";"";"0,0"
"19/03/2026";"0500";"24,7";"24,8";"24,5";"";"";"";"";"";"";"1009,7";"1010,2";"1009,7";"0,4";"134,0";"1,3";"";"0,0"
"19/03/2026";"0600";"25,0";"25,0";"24,7";"";"";"";"";"";"";"1009,0";"1009,8";"1009,0";"0,6";"171,0";"1,8";"";"0,0"
"19/03/2026";"0700";"25,2";"25,3";"24,9";"";"";"";"";"";"";"1008,7";"1009,0";"1008,7";"0,5";"110,0";"1,6";"";"0,0"
"19/03/2026";"0800";"25,0";"25,3";"25,0";"";"";"";"";"";"";"1008,8";"1008,9";"1008,7";"1,3";"64,0";"3,0";"";"0,0"
"19/03/2026";"0900";"25,1";"25,1";"25,0";"";"";"";"";"";"";"1009,0";"1009,1";"1008,8";"1,1";"74,0";"3,7";"0,30";"0,0"
"19/03/2026";"1000";"25,0";"25,1";"24,9";"";"";"";"";"";"";"1009,3";"1009,3";"1009,0";"1,5";"80,0";"3,5";"111,50";"0,0"
"19/03/2026";"1100";"26,3";"26,5";"25,0";"";"";"";"";"";"";"1009,7";"1009,7";"1009,3";"1,6";"48,0";"3,5";"640,90";"0,0"
"19/03/2026";"1200";"27,3";"27,7";"26,2";"";"";"";"";"";"";"1009,8";"1009,9";"1009,6";"0,7";"319,0";"3,8";"1286,60";"0,0"
"19/03/2026";"1300";"27,4";"27,9";"26,9";"";"";"";"";"";"";"1009,4";"1009,8";"1009,4";"1,1";"298,0";"3,3";"1483,60";"0,0"
"19/03/2026";"1400";"28,0";"28,5";"27,3";"";"";"";"";"";"";"1009,3";"1009,4";"1009,2";"1,4";"249,0";"3,5";"1899,30";"0,0"
"19/03/2026";"1500";"28,4";"28,8";"27,8";"";"";"";"";"";"";"1008,6";"1009,3";"1008,6";"1,5";"171,0";"3,3";"1410,40";"0,0"
"19/03/2026";"1600";"28,6";"28,8";"28,3";"";"";"";"";"";"";"1007,9";"1008,6";"1007,9";"1,7";"132,0";"4,3";"1376,70";"0,0"
"19/03/2026";"1700";"29,7";"30,3";"28,5";"";"";"";"";"";"";"1007,2";"1007,9";"1007,2";"1,9";"199,0";"4,3";"2182,70";"0,0"
"19/03/2026";"1800";"28,9";"29,8";"28,8";"";"";"";"";"";"";"1006,7";"1007,2";"1006,7";"2,4";"175,0";"5,5";"1171,80";"0,0"
"19/03/2026";"1900";"28,1";"28,9";"28,1";"";"";"";"";"";"";"1006,7";"1006,8";"1006,6";"1,9";"157,0";"5,8";"583,20";"0,0"
"19/03/2026";"2000";"26,6";"28,1";"26,6";"";"";"";"";"";"";"1007,4";"1007,4";"1006,7";"2,4";"182,0";"5,6";"141,10";"0,0"
"19/03/2026";"2100";"26,2";"26,6";"26,1";"";"";"";"";"";"";"1007,7";"1007,7";"1007,3";"1,0";"12,0";"5,4";"52,90";"0,0"
"19/03/2026";"2200";"25,6";"26,2";"25,6";"";"";"";"";"";"";"1008,5";"1008,5";"1007,7";"1,1";"194,0";"2,9";"";"1,4"
"19/03/2026";"2300";"25,5";"25,7";"25,3";"";"";"";"";"";"";"1009,3";"1009,3";"1008,5";"1,0";"172,0";"2,2";"";"0,6"
"20/03/2026";"0000";"25,0";"25,5";"24,9";"";"";"";"";"";"";"1010,3";"1010,3";"1009,3";"0,8";"61,0";"2,8";"";"0,4"
"20/03/2026";"0100";"23,1";"25,0";"22,8";"";"";"";"";"";"";"1010,9";"1010,9";"1010,3";"0,8";"191,0";"7,0";"";"2,8"
"20/03/2026";"0200";"22,7";"23,1";"22,5";"";"";"";"";"";"";"1009,9";"1011,0";"1009,9";"1,5";"55,0";"3,3";"";"10,2"
"20/03/2026";"0300";"22,6";"22,8";"22,6";"";"";"";"";"";"";"1009,9";"1010,1";"1009,6";"1,5";"21,0";"3,1";"";"0,0"
"20/03/2026";"0400";"22,7";"22,8";"22,5";"";"";"";"";"";"";"1009,1";"1009,9";"1009,1";"1,1";"51,0";"3,1";"";"0,4"
"20/03/2026";"0500";"22,6";"22,8";"22,6";"";"";"";"";"";"";"1008,5";"1009,1";"1008,5";"0,5";"132,0";"2,6";"";"0,2"
"20/03/2026";"0600";"22,6";"22,7";"22,4";"";"";"";"";"";"";"1008,0";"1008,5";"1008,0";"0,5";"145,0";"1,2";"";"0,0"
"20/03/2026";"0700";"22,7";"22,7";"22,5";"";"";"";"";"";"";"1008,0";"1008,2";"1008,0";"0,4";"49,0";"1,1";"";"0,0"
"20/03/2026";"0800";"22,7";"22,8";"22,6";"";"";"";"";"";"";"1008,4";"1008,4";"1008,0";"0,5";"47,0";"1,7";"";"0,0"
"20/03/2026";"0900";"22,9";"22,9";"22,7";"";"";"";"";"";"";"1008,9";"1008,9";"1008,3";"0,8";"60,0";"2,0";"";"0,2"
"20/03/2026";"1000";"23,1";"23,2";"22,9";"";"";"";"";"";"";"1009,4";"1009,4";"1008,9";"0,7";"83,0";"2,4";"56,10";"0,4"
"20/03/2026";"1100";"24,3";"24,3";"23,1";"";"";"";"";"";"";"1010,1";"1010,1";"1009,4";"0,5";"170,0";"1,9";"569,60";"0,0"
"20/03/2026";"1200";"26,0";"26,2";"24,2";"";"";"";"";"";"";"1010,2";"1010,2";"1010,1";"0,8";"205,0";"2,0";"1458,30";"0,0"
"20/03/2026";"1300";"27,0";"27,1";"26,0";"";"";"";"";"";"";"1010,1";"1010,2";"1010,1";"0,8";"276,0";"2,6";"1778,20";"0,0"
"20/03/2026";"1400";"27,5";"27,9";"26,4";"";"";"";"";"";"";"1010,0";"1010,2";"1010,0";"2,3";"224,0";"4,1";"1318,50";"0,0"
"20/03/2026";"1500";"27,3";"28,4";"27,3";"";"";"";"";"";"";"1009,5";"1010,1";"1009,5";"3,6";"213,0";"6,3";"1667,00";"0,0"
"20/03/2026";"1600";"28,4";"28,6";"27,1";"";"";"";"";"";"";"1009,0";"1009,5";"1009,0";"4,3";"213,0";"8,2";"2484,70";"0,0"
"20/03/2026";"1700";"26,0";"28,4";"26,0";"";"";"";"";"";"";"1008,7";"1009,1";"1008,7";"3,2";"184,0";"6,9";"1717,90";"0,0"
"20/03/2026";"1800";"26,1";"26,7";"25,9";"";"";"";"";"";"";"1008,5";"1008,7";"1008,5";"3,0";"198,0";"6,4";"1013,20";"0,0"
"20/03/2026";"1900";"24,9";"26,6";"24,8";"";"";"";"";"";"";"1008,6";"1008,7";"1008,5";"1,6";"184,0";"6,1";"739,80";"0,8"
"20/03/2026";"2000";"25,0";"25,1";"24,7";"";"";"";"";"";"";"1008,8";"1008,8";"1008,6";"1,2";"186,0";"5,7";"220,50";"0,8"
"20/03/2026";"2100";"25,2";"25,2";"24,9";"";"";"";"";"";"";"1009,2";"1009,2";"1008,8";"0,9";"205,0";"4,0";"103,70";"0,0"
"20/03/2026";"2200";"24,7";"25,2";"24,6";"";"";"";"";"";"";"1009,9";"1009,9";"1009,2";"0,2";"129,0";"2,1";"1,80";"0,0"
"20/03/2026";"2300";"25,0";"25,1";"24,7";"";"";"";"";"";"";"1010,3";"1010,3";"1009,9";"0,4";"110,0";"1,7";"";"0,0"
"21/03/2026";"0000";"24,8";"25,0";"24,4";"";"";"";"";"";"";"1011,0";"1011,0";"1010,3";"0,6";"158,0";"1,3";"";"0,0"
"21/03/2026";"0100";"24,1";"24,8";"24,1";"";"";"";"";"";"";"1011,5";"1011,5";"1011,0";"0,3";"244,0";"1,5";"";"0,0"
"21/03/2026";"0200";"24,3";"24,3";"23,8";"";"";"";"";"";"";"1011,3";"1011,5";"1011,3";"0,6";"140,0";"1,4";"";"0,0"
"21/03/2026";"0300";"24,0";"24,3";"23,9";"";"";"";"";"";"";"1011,3";"1011,5";"1011,3";"0,7";"153,0";"1,4";"";"0,0"
"21/03/2026";"0400";"24,0";"24,2";"24,0";"";"";"";"";"";"";"1011,0";"1011,3";"1011,0";"0,4";"162,0";"1,5";"";"0,0"
"21/03/2026";"0500";"23,6";"24,0";"23,6";"";"";"";"";"";"";"1010,6";"1010,9";"1010,6";"0,6";"87,0";"1,5";"";"0,0"
"21/03/2026";"0600";"23,2";"23,6";"23,2";"";"";"";"";"";"";"1010,3";"1010,7";"1010,3";"0,3";"337,0";"1,5";"";"0,0"
"21/03/2026";"0700";"22,9";"23,2";"22,9";"";"";"";"";"";"";"1009,8";"1010,3";"1009,8";"0,2";"245,0";"1,5";"";"0,0"
"21/03/2026";"0800";"22,7";"22,9";"22,6";"";"";"";"";"";"";"1010,0";"1010,0";"1009,8";"0,5";"51,0";"2,0";"";"0,0"
"21/03/2026";"0900";"22,3";"22,7";"22,3";"";"";"";"";"";"";"1010,7";"1010,7";"1010,0";"0,4";"171,0";"1,5";"";"0,0"
"21/03/2026";"1000";"23,7";"23,7";"22,3";"";"";"";"";"";"";"1011,2";"1011,2";"1010,7";"0,5";"112,0";"1,8";"182,50";"0,2"
"21/03/2026";"1100";"25,4";"25,6";"23,7";"";"";"";"";"";"";"1011,7";"1011,7";"1011,2";"0,8";"41,0";"2,0";"800,00";"0,0"
"21/03/2026";"1200";"25,3";"26,3";"25,3";"";"";"";"";"";"";"1012,1";"1012,1";"1011,7";"1,4";"315,0";"3,0";"1448,90";"0,0"
"21/03/2026";"1300";"27,1";"27,3";"25,2";"";"";"";"";"";"";"1012,1";"1012,1";"1012,0";"1,1";"289,0";"3,0";"1885,00";"0,0"
"21/03/2026";"1400";"27,7";"28,5";"27,1";"";"";"";"";"";"";"1012,2";"1012,2";"1012,1";"1,3";"323,0";"3,1";"2339,80";"0,0"
"21/03/2026";"1500";"28,2";"28,9";"27,3";"";"";"";"";"";"";"1011,9";"1012,2";"1011,9";"1,0";"292,0";"3,1";"1790,50";"0,0"
"21/03/2026";"1600";"29,7";"29,9";"28,2";"";"";"";"";"";"";"1011,5";"1011,9";"1011,5";"3,1";"203,0";"5,7";"2323,50";"0,0"
"21/03/2026";"1700";"28,9";"30,4";"28,9";"";"";"";"";"";"";"1011,3";"1011,5";"1011,3";"3,0";"153,0";"6,9";"3087,30";"0,0"
"21/03/2026";"1800";"29,0";"29,7";"28,6";"";"";"";"";"";"";"1011,2";"1011,3";"1011,2";"1,9";"148,0";"6,6";"2512,70";"0,0"
"21/03/2026";"1900";"27,9";"29,2";"27,9";"";"";"";"";"";"";"1011,0";"1011,2";"1010,9";"4,6";"192,0";"8,5";"1839,80";"0,0"
"21/03/2026";"2000";"27,4";"28,4";"27,4";"";"";"";"";"";"";"1011,0";"1011,1";"1010,8";"1,8";"159,0";"8,5";"369,20";"0,0"
"21/03/2026";"2100";"26,6";"27,4";"26,6";"";"";"";"";"";"";"1011,4";"1011,4";"1011,0";"1,6";"161,0";"6,2";"119,10";"0,0"
"21/03/2026";"2200";"26,2";"26,6";"26,1";"";"";"";"";"";"";"1012,2";"1012,2";"1011,4";"1,2";"200,0";"4,6";"";"0,0"
"21/03/2026";"2300";"25,7";"26,2";"25,6";"";"";"";"";"";"";"1012,9";"1012,9";"1012,2";"0,7";"276,0";"3,0";"";"0,0"
"22/03/2026";"0000";"25,1";"25,7";"25,1";"";"";"";"";"";"";"1013,4";"1013,4";"1012,9";"0,8";"31,0";"2,4";"";"0,0"
"22/03/2026";"0100";"25,0";"25,3";"24,5";"";"";"";"";"";"";"1013,4";"1013,6";"1013,4";"0,8";"128,0";"1,8";"";"0,0"
"22/03/2026";"0200";"24,7";"25,0";"24,6";"";"";"";"";"";"";"1013,4";"1013,5";"1013,3";"0,9";"153,0";"2,4";"";"0,0"
"22/03/2026";"0300";"25,0";"25,0";"24,7";"";"";"";"";"";"";"1012,9";"1013,4";"1012,9";"1,5";"86,0";"3,3";"";"0,0"
"22/03/2026";"0400";"24,4";"25,0";"24,4";"";"";"";"";"";"";"1012,5";"1013,0";"1012,5";"0,7";"93,0";"3,5";"";"0,0"
"22/03/2026";"0500";"23,6";"24,4";"23,6";"";"";"";"";"";"";"1012,0";"1012,5";"1012,0";"0,4";"26,0";"2,4";"";"0,0"
"22/03/2026";"0600";"23,1";"23,6";"23,1";"";"";"";"";"";"";"1011,7";"1012,0";"1011,5";"0,3";"247,0";"1,5";"";"0,0"
"22/03/2026";"0700";"22,8";"23,2";"22,8";"";"";"";"";"";"";"1011,8";"1011,8";"1011,6";"0,4";"206,0";"1,1";"";"0,0"
"22/03/2026";"0800";"22,5";"23,2";"22,5";"";"";"";"";"";"";"1012,0";"1012,0";"1011,7";"0,2";"32,0";"1,9";"";"0,0"
"22/03/2026";"0900";"22,7";"22,7";"22,4";"";"";"";"";"";"";"1012,3";"1012,3";"1011,9";"0,6";"345,0";"1,4";"";"0,0"
"22/03/2026";"1000";"24,3";"24,3";"22,7";"";"";"";"";"";"";"1012,1";"1012,3";"1012,0";"0,9";"97,0";"1,6";"190,40";"0,0"
"22/03/2026";"1100";"26,0";"26,2";"24,3";"";"";"";"";"";"";"1012,8";"1012,8";"1012,1";"0,8";"35,0";"2,2";"1023,90";"0,0"
"22/03/2026";"1200";"26,2";"26,8";"26,0";"";"";"";"";"";"";"1013,0";"1013,1";"1012,8";"1,1";"306,0";"2,9";"1721,60";"0,0"
"22/03/2026";"1300";"27,2";"27,5";"26,1";"";"";"";"";"";"";"1013,0";"1013,1";"1013,0";"1,6";"306,0";"3,9";"2522,40";"0,0"
"22/03/2026";"1400";"30,1";"30,1";"27,2";"";"";"";"";"";"";"1012,7";"1013,0";"1012,7";"1,1";"273,0";"4,1";"3048,40";"0,0"
"22/03/2026";"1500";"30,8";"30,9";"29,3";"";"";"";"";"";"";"1012,0";"1012,7";"1012,0";"2,7";"220,0";"5,4";"3415,60";"0,0"
"22/03/2026";"1600";"31,2";"31,9";"30,4";"";"";"";"";"";"";"1011,2";"1012,0";"1011,1";"1,8";"123,0";"5,5";"3334,70";"0,0"
"22/03/2026";"1700";"30,9";"31,9";"30,5";"";"";"";"";"";"";"1010,5";"1011,2";"1010,4";"1,9";"165,0";"6,4";"2866,60";"0,0"
"22/03/2026";"1800";"30,5";"31,5";"30,2";"";"";"";"";"";"";"1010,3";"1010,5";"1010,2";"2,4";"120,0";"5,9";"2617,00";"0,0"
"22/03/2026";"1900";"29,7";"31,2";"29,6";"";"";"";"";"";"";"1010,3";"1010,3";"1010,2";"1,6";"137,0";"6,2";"1842,70";"0,0"
"22/03/2026";"2000";"28,1";"29,7";"28,0";"";"";"";"";"";"";"1010,6";"1010,7";"1010,2";"2,0";"147,0";"6,8";"323,00";"0,0"
"22/03/2026";"2100";"26,8";"28,1";"26,8";"";"";"";"";"";"";"1010,9";"1011,0";"1010,6";"2,3";"173,0";"6,9";"117,00";"0,0"
"22/03/2026";"2200";"26,4";"26,8";"26,4";"";"";"";"";"";"";"1011,9";"1011,9";"1010,9";"1,3";"155,0";"6,9";"";"0,0"
"22/03/2026";"2300";"26,2";"26,6";"26,2";"";"";"";"";"";"";"1012,7";"1012,7";"1011,9";"1,3";"119,0";"3,6";"";"0,0"
"23/03/2026";"0000";"25,8";"26,3";"25,7";"";"";"";"";"";"";"1013,2";"1013,2";"1012,7";"1,0";"104,0";"3,2";"";"0,0"
"23/03/2026";"0100";"25,5";"25,9";"25,5";"";"";"";"";"";"";"1013,4";"1013,4";"1013,2";"0,7";"144,0";"2,7";"";"0,0"
"23/03/2026";"0200";"25,0";"25,5";"24,8";"";"";"";"";"";"";"1013,5";"1013,5";"1013,3";"0,5";"262,0";"1,8";"";"0,0"
"23/03/2026";"0300";"24,9";"25,1";"24,9";"";"";"";"";"";"";"1013,5";"1013,5";"1013,4";"0,6";"130,0";"2,5";"";"0,0"
"23/03/2026";"0400";"24,4";"24,9";"24,4";"";"";"";"";"";"";"1013,3";"1013,5";"1013,3";"1,0";"115,0";"2,6";"";"0,0"
"23/03/2026";"0500";"24,3";"24,7";"24,3";"";"";"";"";"";"";"1012,8";"1013,3";"1012,8";"1,1";"126,0";"2,9";"";"0,0"
"23/03/2026";"0600";"23,6";"24,3";"23,6";"";"";"";"";"";"";"1012,4";"1012,8";"1012,3";"0,3";"238,0";"2,4";"";"0,0"
"23/03/2026";"0700";"23,2";"23,6";"23,2";"";"";"";"";"";"";"1012,2";"1012,4";"1012,2";"0,4";"266,0";"0,8";"";"0,0"
"23/03/2026";"0800";"23,3";"23,6";"23,2";"";"";"";"";"";"";"1012,6";"1012,6";"1012,2";"0,3";"213,0";"1,1";"";"0,0"
"23/03/2026";"0900";"23,4";"23,4";"22,9";"";"";"";"";"";"";"1013,0";"1013,0";"1012,6";"0,5";"71,0";"1,0";"";"0,0"
"23/03/2026";"1000";"25,3";"25,4";"23,4";"";"";"";"";"";"";"1013,3";"1013,3";"1013,0";"0,2";"87,0";"1,8";"165,90";"0,0"
"23/03/2026";"1100";"26,5";"26,5";"24,5";"";"";"";"";"";"";"1013,8";"1013,9";"1013,3";"0,7";"54,0";"2,2";"813,40";"0,0"
"23/03/2026";"1200";"27,3";"27,4";"25,4";"";"";"";"";"";"";"1013,9";"1014,0";"1013,8";"1,2";"6,0";"3,5";"1556,30";"0,0"
"23/03/2026";"1300";"28,0";"28,3";"26,6";"";"";"";"";"";"";"1013,4";"1013,9";"1013,4";"1,8";"70,0";"5,0";"2256,70";"0,0"
"23/03/2026";"1400";"28,4";"28,9";"26,9";"";"";"";"";"";"";"1012,9";"1013,4";"1012,9";"1,3";"273,0";"4,5";"2506,00";"0,0"
"23/03/2026";"1500";"28,0";"28,6";"27,2";"";"";"";"";"";"";"1012,2";"1013,0";"1012,2";"2,1";"231,0";"4,6";"1606,60";"0,0"
"23/03/2026";"1600";"29,3";"29,6";"27,7";"";"";"";"";"";"";"1011,1";"1012,2";"1011,0";"2,2";"112,0";"5,3";"2027,20";"0,0"
"23/03/2026";"1700";"30,4";"31,0";"29,2";"";"";"";"";"";"";"1010,2";"1011,1";"1010,2";"2,0";"123,0";"6,0";"3166,10";"0,0"
"23/03/2026";"1800";"26,6";"31,0";"26,6";"";"";"";"";"";"";"1010,5";"1010,5";"1010,1";"4,1";"54,0";"8,5";"1064,10";"0,0"
"23/03/2026";"1900";"25,0";"26,6";"23,3";"";"";"";"";"";"";"1010,6";"1011,3";"1010,3";"2,5";"76,0";"11,9";"386,30";"11,8"
"23/03/2026";"2000";"25,5";"25,5";"25,0";"";"";"";"";"";"";"1010,6";"1010,7";"1010,5";"3,4";"40,0";"7,4";"564,50";"0,0"
"23/03/2026";"2100";"24,7";"25,5";"24,7";"";"";"";"";"";"";"1010,4";"1010,7";"1010,4";"1,7";"27,0";"7,4";"209,00";"0,0"
"23/03/2026";"2200";"24,5";"24,7";"24,2";"";"";"";"";"";"";"1010,8";"1010,9";"1010,4";"0,6";"67,0";"4,5";"";"0,0"
"23/03/2026";"2300";"24,3";"24,7";"24,3";"";"";"";"";"";"";"1010,9";"1011,1";"1010,8";"1,2";"104,0";"3,3";"";"0,0"
"24/03/2026";"0000";"24,0";"24,3";"23,4";"";"";"";"";"";"";"1011,6";"1011,6";"1011,0";"0,6";"158,0";"3,1";"";"0,0"
"24/03/2026";"0100";"23,0";"24,0";"23,0";"";"";"";"";"";"";"1011,9";"1012,0";"1011,6";"0,5";"234,0";"1,4";"";"0,0"
"24/03/2026";"0200";"22,7";"23,0";"22,7";"";"";"";"";"";"";"1011,7";"1011,9";"1011,7";"0,5";"239,0";"1,5";"";"0,0"
"24/03/2026";"0300";"22,8";"23,2";"22,7";"";"";"";"";"";"";"1012,3";"1012,3";"1011,7";"0,9";"113,0";"2,5";"";"0,0"
"24/03/2026";"0400";"22,3";"22,9";"22,2";"";"";"";"";"";"";"1012,2";"1012,3";"1012,0";"0,5";"77,0";"3,3";"";"0,0"
"24/03/2026";"0500";"22,2";"22,6";"22,1";"";"";"";"";"";"";"1011,5";"1012,3";"1011,5";"0,7";"39,0";"2,8";"";"0,0"
"24/03/2026";"0600";"21,6";"22,3";"21,5";"";"";"";"";"";"";"1011,4";"1011,7";"1011,4";"0,5";"128,0";"1,8";"";"0,0"
"24/03/2026";"0700";"21,5";"21,9";"21,4";"";"";"";"";"";"";"1011,1";"1011,4";"1011,0";"0,4";"280,0";"1,7";"";"0,0"
"24/03/2026";"0800";"21,3";"21,5";"21,2";"";"";"";"";"";"";"1011,5";"1011,5";"1011,0";"0,7";"17,0";"1,4";"";"0,0"
"24/03/2026";"0900";"21,2";"21,3";"21,0";"";"";"";"";"";"";"1011,7";"1011,7";"1011,3";"1,1";"66,0";"2,1";"";"0,0"
"24/03/2026";"1000";"22,3";"22,3";"21,1";"";"";"";"";"";"";"1011,6";"1011,8";"1011,5";"0,8";"78,0";"2,1";"155,40";"0,0"
"24/03/2026";"1100";"23,5";"23,8";"22,3";"";"";"";"";"";"";"1012,6";"1012,6";"1011,6";"1,2";"32,0";"2,5";"785,50";"0,0"
"24/03/2026";"1200";"";"";"";"";"";"";"";"";"";"1012,6";"1013,1";"1012,6";"0,7";"149,0";"2,3";"1688,70";"0,0"
"24/03/2026";"1300";"27,8";"";"";"";"";"";"";"";"";"1012,4";"";"";"0,9";"315,0";"";"701,40";"0,0"
"24/03/2026";"1400";"28,9";"29,1";"27,6";"60,0";"66,0";"59,0";"20,4";"21,4";"19,4";"1011,8";"1012,4";"1011,8";"1,1";"283,0";"3,3";"3063,80";""
"24/03/2026";"1500";"29,7";"30,2";"28,3";"58,0";"64,0";"56,0";"20,4";"21,6";"19,8";"1011,3";"1011,8";"1011,3";"1,5";"338,0";"3,9";"3306,70";"0,0"
"24/03/2026";"1600";"31,5";"31,5";"28,9";"53,0";"60,0";"52,0";"20,8";"21,6";"19,5";"1010,4";"1011,3";"1010,4";"1,2";"311,0";"3,7";"3305,30";"0,0"
"24/03/2026";"1700";"32,1";"32,3";"30,4";"47,0";"55,0";"46,0";"19,5";"20,9";"18,8";"1009,6";"1010,4";"1009,6";"1,4";"330,0";"3,5";"3043,90";"0,0"
"24/03/2026";"1800";"32,3";"32,8";"32,0";"47,0";"50,0";"46,0";"19,7";"20,7";"19,2";"1008,7";"1009,6";"1008,7";"1,1";"321,0";"3,4";"2542,40";"0,0"
"24/03/2026";"1900";"32,2";"32,9";"31,9";"50,0";"50,0";"45,0";"20,4";"20,7";"19,1";"1008,5";"1008,7";"1008,5";"2,6";"226,0";"5,5";"1651,00";"0,0"
"24/03/2026";"2000";"31,2";"32,4";"31,2";"52,0";"52,0";"49,0";"20,2";"20,9";"20,0";"1008,8";"1008,8";"1008,5";"2,1";"176,0";"5,5";"257,50";"0,0"
"24/03/2026";"2100";"30,0";"31,2";"30,0";"56,0";"56,0";"52,0";"20,4";"20,7";"20,2";"1009,1";"1009,1";"1008,8";"1,0";"135,0";"4,3";"76,70";"0,0"
"24/03/2026";"2200";"29,6";"30,0";"29,6";"61,0";"61,0";"56,0";"21,4";"21,4";"20,4";"1009,6";"1009,6";"1009,1";"2,9";"74,0";"6,4";"";"0,0"
"24/03/2026";"2300";"28,6";"29,6";"28,6";"66,0";"66,0";"61,0";"21,6";"21,6";"21,3";"1010,1";"1010,1";"1009,6";"2,3";"69,0";"6,5";"";"0,0"
"25/03/2026";"0000";"27,2";"28,6";"27,1";"71,0";"72,0";"66,0";"21,5";"21,7";"21,5";"1011,0";"1011,0";"1010,1";"0,3";"167,0";"5,0";"";"0,0"
"25/03/2026";"0100";"27,1";"27,7";"27,0";"72,0";"73,0";"69,0";"21,6";"21,8";"21,3";"1011,4";"1011,4";"1011,0";"0,6";"126,0";"2,3";"";"0,0"
"25/03/2026";"0200";"26,1";"27,1";"26,1";"77,0";"77,0";"72,0";"21,6";"22,0";"21,4";"1011,7";"1011,7";"1011,4";"0,3";"155,0";"2,0";"";"0,0"
"25/03/2026";"0300";"25,5";"26,4";"25,5";"78,0";"79,0";"75,0";"21,3";"21,9";"21,3";"1012,3";"1012,3";"1011,7";"1,0";"250,0";"2,3";"";"0,0"
"25/03/2026";"0400";"25,2";"26,0";"25,2";"80,0";"80,0";"76,0";"21,4";"21,6";"21,2";"1012,3";"1012,3";"1012,1";"0,5";"296,0";"2,2";"";"0,0"
"25/03/2026";"0500";"24,6";"25,2";"24,6";"81,0";"82,0";"79,0";"21,2";"21,6";"21,2";"1011,9";"1012,4";"1011,9";"0,4";"284,0";"1,8";"";"0,0"
"25/03/2026";"0600";"24,4";"24,8";"24,4";"82,0";"83,0";"81,0";"21,1";"21,5";"21,1";"1012,3";"1012,3";"1011,9";"0,3";"270,0";"1,1";"";"0,0"
"25/03/2026";"0700";"24,6";"24,8";"24,1";"80,0";"83,0";"80,0";"21,0";"21,2";"21,0";"1012,1";"1012,3";"1012,1";"1,2";"97,0";"2,3";"";"0,0"
"25/03/2026";"0800";"23,7";"24,6";"23,5";"85,0";"85,0";"80,0";"21,0";"21,1";"20,9";"1012,8";"1012,8";"1012,1";"0,2";"263,0";"2,3";"";"0,0"
"25/03/2026";"0900";"24,0";"24,0";"23,6";"84,0";"85,0";"83,0";"21,0";"21,2";"20,8";"1013,3";"1013,4";"1012,8";"0,5";"65,0";"1,5";"";"0,0"
"25/03/2026";"1000";"25,5";"25,7";"23,6";"77,0";"84,0";"77,0";"21,1";"21,5";"20,7";"1013,8";"1013,8";"1013,3";"0,3";"232,0";"1,7";"177,20";"0,0"
"25/03/2026";"1100";"27,7";"27,7";"25,5";"66,0";"77,0";"66,0";"20,8";"21,4";"20,3";"1014,3";"1014,3";"1013,7";"0,7";"149,0";"1,5";"1071,00";"0,0"
"25/03/2026";"1200";"29,7";"29,7";"27,5";"58,0";"66,0";"57,0";"20,5";"21,1";"20,0";"1014,7";"1014,7";"1014,2";"1,3";"216,0";"2,8";"1889,00";"0,0"
"25/03/2026";"1300";"30,7";"31,0";"29,2";"53,0";"58,0";"52,0";"19,9";"20,7";"19,1";"1014,9";"1015,0";"1014,7";"1,2";"310,0";"3,0";"2569,80";"0,0"
"25/03/2026";"1400";"31,8";"32,0";"30,7";"48,0";"53,0";"48,0";"19,5";"20,6";"19,2";"1014,6";"1014,9";"1014,6";"1,5";"270,0";"4,1";"3063,40";"0,0"
"25/03/2026";"1500";"33,1";"33,2";"31,6";"43,0";"51,0";"42,0";"18,9";"20,3";"17,9";"1013,8";"1014,6";"1013,8";"1,3";"307,0";"3,3";"3323,00";"0,0"
"25/03/2026";"1600";"33,8";"34,3";"32,7";"40,0";"47,0";"40,0";"18,4";"20,2";"18,2";"1013,3";"1013,8";"1013,3";"2,0";"224,0";"4,1";"3302,70";"0,0"
"25/03/2026";"1700";"34,1";"34,4";"33,7";"45,0";"45,0";"40,0";"20,5";"20,5";"18,7";"1012,8";"1013,3";"1012,7";"3,1";"208,0";"6,3";"3020,00";"0,0"
"25/03/2026";"1800";"33,6";"34,3";"33,5";"45,0";"47,0";"44,0";"20,1";"21,1";"19,8";"1012,4";"1012,8";"1012,3";"2,3";"165,0";"6,5";"2498,00";"0,0"
"25/03/2026";"1900";"32,8";"33,8";"32,4";"47,0";"48,0";"44,0";"20,0";"20,7";"19,3";"1012,5";"1012,6";"1012,3";"2,0";"169,0";"6,9";"1580,30";"0,0"
"25/03/2026";"2000";"32,2";"32,8";"31,9";"54,0";"58,0";"47,0";"21,7";"22,4";"19,9";"1012,4";"1012,6";"1012,4";"1,4";"118,0";"5,8";"432,90";"0,0"
"25/03/2026";"2100";"31,2";"32,2";"31,2";"59,0";"59,0";"54,0";"22,1";"22,5";"21,5";"1012,7";"1012,7";"1012,4";"1,4";"82,0";"5,3";"109,20";"0,0"
"25/03/2026";"2200";"30,3";"31,2";"30,3";"62,0";"62,0";"59,0";"22,2";"22,4";"22,1";"1013,0";"1013,0";"1012,6";"1,4";"57,0";"4,4";"";"0,0"
"25/03/2026";"2300";"29,6";"30,3";"29,6";"64,0";"64,0";"62,0";"22,0";"22,1";"22,0";"1013,8";"1013,8";"1013,0";"1,5";"118,0";"4,7";"";"0,0"
"26/03/2026";"0000";"28,4";"29,6";"28,3";"71,0";"71,0";"64,0";"22,6";"22,6";"22,0";"1014,7";"1014,7";"1013,8";"0,8";"302,0";"4,1";"";"0,0"
"26/03/2026";"0100";"28,2";"28,4";"27,8";"69,0";"73,0";"69,0";"22,0";"22,8";"22,0";"1015,2";"1015,3";"1014,7";"0,8";"58,0";"2,3";"";"0,0"
"26/03/2026";"0200";"27,5";"28,3";"27,4";"70,0";"71,0";"68,0";"21,6";"22,1";"21,4";"1015,3";"1015,3";"1015,1";"0,9";"36,0";"3,8";"";"0,0"
"26/03/2026";"0300";"26,8";"27,5";"26,8";"73,0";"74,0";"70,0";"21,5";"22,0";"21,4";"1015,3";"1015,3";"1015,1";"0,9";"42,0";"2,2";"";"0,0"
"26/03/2026";"0400";"26,3";"27,0";"26,3";"74,0";"74,0";"72,0";"21,2";"21,5";"21,2";"1014,8";"1015,3";"1014,8";"1,2";"95,0";"2,5";"";"0,0"
"26/03/2026";"0500";"25,8";"26,3";"25,7";"77,0";"77,0";"74,0";"21,3";"21,4";"21,2";"1014,6";"1014,8";"1014,6";"0,6";"38,0";"2,3";"";"0,0"
"26/03/2026";"0600";"25,5";"25,9";"25,5";"77,0";"77,0";"76,0";"21,2";"21,4";"21,2";"1013,8";"1014,6";"1013,8";"1,2";"100,0";"2,6";"";"0,0"
"26/03/2026";"0700";"25,4";"25,5";"25,1";"78,0";"79,0";"77,0";"21,2";"21,3";"21,2";"1013,7";"1013,8";"1013,6";"0,7";"120,0";"2,4";"";"0,0"
"26/03/2026";"0800";"25,2";"25,4";"25,0";"78,0";"80,0";"78,0";"21,1";"21,2";"21,0";"1014,3";"1014,4";"1013,8";"0,5";"108,0";"2,0";"";"0,0"
"26/03/2026";"0900";"24,5";"25,2";"24,5";"82,0";"82,0";"78,0";"21,3";"21,3";"21,0";"1014,7";"1014,7";"1014,3";"0,2";"299,0";"1,4";"";"0,0"
"26/03/2026";"1000";"26,4";"26,4";"24,4";"73,0";"84,0";"73,0";"21,1";"21,8";"21,1";"1015,5";"1015,5";"1014,7";"0,5";"86,0";"1,3";"177,30";"0,0"
"26/03/2026";"1100";"27,6";"27,7";"26,4";"68,0";"73,0";"67,0";"21,1";"21,3";"20,5";"1016,3";"1016,3";"1015,5";"0,5";"196,0";"1,8";"1050,60";"0,0"
"26/03/2026";"1200";"28,6";"28,7";"27,3";"66,0";"70,0";"65,0";"21,5";"21,8";"21,0";"1016,6";"1016,7";"1016,3";"1,1";"305,0";"2,8";"1315,00";"0,0"
"26/03/2026";"1300";"28,7";"29,1";"28,3";"64,0";"67,0";"63,0";"21,3";"22,1";"20,9";"1016,7";"1016,7";"1016,6";"1,6";"334,0";"3,7";"2685,50";"0,0"
"26/03/2026";"1400";"30,8";"30,8";"28,5";"61,0";"67,0";"61,0";"22,5";"22,9";"21,1";"1016,4";"1016,8";"1016,4";"1,2";"305,0";"3,8";"3041,20";"0,0"
"26/03/2026";"1500";"31,5";"32,5";"30,6";"51,0";"62,0";"48,0";"20,1";"23,1";"19,6";"1015,8";"1016,4";"1015,8";"2,0";"256,0";"4,8";"3293,60";"0,0"
"26/03/2026";"1600";"32,6";"33,2";"31,5";"50,0";"53,0";"48,0";"20,8";"21,6";"19,9";"1015,1";"1015,8";"1015,1";"2,9";"202,0";"5,8";"3320,50";"0,0"
"26/03/2026";"1700";"32,7";"33,2";"31,5";"50,0";"52,0";"49,0";"20,8";"21,4";"20,3";"1014,4";"1015,1";"1014,4";"2,5";"188,0";"5,7";"3044,00";"0,0"
"26/03/2026";"1800";"32,2";"33,0";"32,2";"50,0";"51,0";"48,0";"20,4";"20,9";"20,2";"1014,1";"1014,5";"1014,1";"2,4";"156,0";"6,3";"2494,30";"0,0"
"26/03/2026";"1900";"31,5";"32,3";"31,4";"52,0";"53,0";"50,0";"20,5";"21,1";"20,2";"1013,9";"1014,2";"1013,9";"3,5";"187,0";"8,0";"1553,40";"0,0"
"26/03/2026";"2000";"31,0";"31,9";"31,0";"55,0";"55,0";"52,0";"20,9";"21,0";"20,5";"1013,8";"1013,9";"1013,8";"2,4";"187,0";"6,9";"248,30";"0,0"
"26/03/2026";"2100";"30,4";"31,1";"30,4";"60,0";"60,0";"55,0";"21,8";"21,8";"20,9";"1014,0";"1014,0";"1013,7";"1,1";"146,0";"5,8";"85,60";"0,0"
"26/03/2026";"2200";"28,1";"30,4";"28,0";"69,0";"69,0";"60,0";"21,8";"22,2";"21,3";"1014,7";"1014,7";"1014,0";"1,0";"238,0";"3,2";"";"0,0"
"26/03/2026";"2300";"28,8";"29,2";"28,1";"63,0";"69,0";"62,0";"21,1";"22,2";"21,0";"1015,5";"1015,5";"1014,7";"1,1";"46,0";"3,9";"";"0,0"
"27/03/2026";"0000";"27,9";"28,8";"27,9";"66,0";"66,0";"63,0";"21,1";"21,2";"21,0";"1016,1";"1016,1";"1015,5";"1,6";"109,0";"3,2";"";"0,0"
"27/03/2026";"0100";"27,4";"27,9";"27,4";"69,0";"69,0";"66,0";"21,1";"21,2";"21,0";"1016,3";"1016,3";"1016,1";"1,5";"87,0";"3,7";"";"0,0"
"27/03/2026";"0200";"27,0";"27,5";"27,0";"70,0";"70,0";"69,0";"21,1";"21,2";"21,1";"1016,2";"1016,4";"1016,2";"1,1";"99,0";"3,5";"";"0,0"
"27/03/2026";"0300";"26,4";"27,0";"26,4";"73,0";"73,0";"70,0";"21,2";"21,3";"21,1";"1016,2";"1016,4";"1016,2";"1,3";"31,0";"2,4";"";"0,0"
"27/03/2026";"0400";"26,1";"26,4";"25,9";"74,0";"75,0";"73,0";"21,1";"21,3";"21,1";"1016,1";"1016,2";"1016,1";"1,0";"98,0";"2,4";"";"0,0"
"27/03/2026";"0500";"25,5";"26,1";"25,5";"76,0";"76,0";"74,0";"20,9";"21,1";"20,9";"1015,7";"1016,1";"1015,7";"1,3";"100,0";"3,2";"";"0,0"
"27/03/2026";"0600";"25,2";"25,5";"25,2";"76,0";"76,0";"76,0";"20,7";"20,9";"20,7";"1015,5";"1015,7";"1015,5";"0,8";"45,0";"2,9";"";"0,0"
"27/03/2026";"0700";"24,7";"25,2";"24,7";"78,0";"79,0";"76,0";"20,7";"20,8";"20,6";"1015,7";"1015,7";"1015,5";"0,9";"119,0";"2,7";"";"0,0"
"27/03/2026";"0800";"24,6";"24,7";"24,5";"76,0";"78,0";"76,0";"20,1";"20,7";"20,1";"1015,9";"1015,9";"1015,7";"1,0";"66,0";"2,6";"";"0,0"
"27/03/2026";"0900";"24,1";"24,6";"23,9";"78,0";"79,0";"76,0";"20,1";"20,1";"19,9";"1016,4";"1016,4";"1015,9";"0,9";"25,0";"2,8";"";"0,0"
"27/03/2026";"1000";"25,3";"25,3";"23,9";"74,0";"79,0";"74,0";"20,3";"20,3";"19,9";"1017,2";"1017,2";"1016,4";"0,7";"105,0";"2,4";"198,60";"0,0"
"27/03/2026";"1100";"27,1";"27,1";"25,3";"63,0";"74,0";"63,0";"19,5";"20,3";"19,1";"1018,1";"1018,1";"1017,2";"1,1";"11,0";"3,2";"1056,10";"0,0"
"27/03/2026";"1200";"26,9";"28,1";"26,6";"67,0";"67,0";"59,0";"20,3";"20,3";"19,1";"1018,6";"1018,6";"1018,1";"1,8";"318,0";"3,7";"1919,70";"0,0"
"27/03/2026";"1300";"28,4";"28,6";"26,2";"61,0";"70,0";"61,0";"20,1";"20,9";"19,8";"1018,8";"1018,9";"1018,6";"1,1";"309,0";"3,9";"2597,90";"0,0"
"27/03/2026";"1400";"30,0";"30,0";"28,0";"59,0";"63,0";"56,0";"21,0";"21,0";"19,3";"1018,4";"1018,8";"1018,4";"1,5";"314,0";"3,2";"3085,90";"0,0"
"27/03/2026";"1500";"31,2";"31,4";"29,5";"51,0";"58,0";"49,0";"19,7";"21,0";"19,2";"1017,8";"1018,4";"1017,8";"3,3";"210,0";"6,2";"3295,00";"0,0"
"27/03/2026";"1600";"31,6";"31,6";"30,6";"50,0";"51,0";"48,0";"20,0";"20,1";"18,7";"1016,7";"1017,8";"1016,7";"3,4";"217,0";"7,3";"3332,60";"0,0"
"27/03/2026";"1700";"32,0";"32,1";"31,2";"51,0";"52,0";"50,0";"20,7";"20,7";"19,8";"1015,9";"1016,7";"1015,9";"4,4";"212,0";"8,0";"3067,30";"0,0"
"27/03/2026";"1800";"32,3";"32,7";"31,5";"47,0";"52,0";"44,0";"19,7";"21,0";"18,7";"1015,6";"1015,9";"1015,6";"1,7";"94,0";"7,2";"2421,90";"0,0"
"27/03/2026";"1900";"31,9";"32,5";"31,5";"53,0";"53,0";"47,0";"21,1";"21,3";"19,5";"1015,8";"1015,8";"1015,6";"2,1";"173,0";"5,9";"1521,00";"0,0"
"27/03/2026";"2000";"30,2";"32,0";"30,2";"58,0";"58,0";"53,0";"21,1";"21,4";"20,9";"1016,1";"1016,1";"1015,8";"1,5";"96,0";"6,8";"447,30";"0,0"
"27/03/2026";"2100";"28,6";"30,3";"28,6";"64,0";"64,0";"58,0";"21,0";"21,4";"21,0";"1016,4";"1016,4";"1016,0";"1,4";"39,0";"5,0";"93,90";"0,0"
"27/03/2026";"2200";"27,8";"28,6";"27,8";"65,0";"66,0";"64,0";"20,7";"21,0";"20,7";"1017,2";"1017,2";"1016,4";"1,5";"70,0";"5,0";"";"0,0"
"27/03/2026";"2300";"27,4";"28,2";"27,4";"61,0";"65,0";"56,0";"19,1";"20,6";"18,4";"1018,1";"1018,1";"1017,2";"3,5";"75,0";"10,6";"";"0,0"
"28/03/2026";"0000";"26,7";"27,4";"26,7";"70,0";"70,0";"61,0";"20,8";"20,8";"19,1";"1018,4";"1018,4";"1018,0";"2,9";"70,0";"8,7";"";"0,0"
"28/03/2026";"0100";"26,5";"26,7";"26,4";"71,0";"72,0";"70,0";"20,9";"21,1";"20,8";"1018,6";"1018,7";"1018,4";"2,8";"71,0";"7,7";"";"0,0"
"28/03/2026";"0200";"26,3";"26,5";"26,3";"70,0";"71,0";"69,0";"20,4";"20,9";"20,2";"1018,5";"1018,6";"1018,5";"2,2";"77,0";"7,6";"";"0,0"
"28/03/2026";"0300";"26,0";"26,3";"25,9";"73,0";"74,0";"70,0";"20,8";"20,8";"20,4";"1018,5";"1018,6";"1018,5";"1,7";"80,0";"5,4";"";"0,0"
"28/03/2026";"0400";"25,8";"26,1";"25,8";"72,0";"73,0";"71,0";"20,3";"20,8";"20,3";"1017,9";"1018,5";"1017,9";"1,4";"52,0";"6,4";"";"0,0"
"28/03/2026";"0500";"25,6";"25,9";"25,6";"74,0";"74,0";"72,0";"20,6";"20,6";"20,3";"1017,5";"1017,9";"1017,5";"2,5";"66,0";"5,3";"";"0,0"
"28/03/2026";"0600";"25,1";"25,6";"24,9";"79,0";"79,0";"74,0";"21,1";"21,1";"20,6";"1017,4";"1017,5";"1017,4";"1,0";"26,0";"4,5";"";"0,0"
"28/03/2026";"0700";"24,4";"25,1";"24,4";"83,0";"83,0";"79,0";"21,2";"21,3";"21,0";"1017,3";"1017,4";"1017,2";"0,4";"354,0";"2,0";"";"0,0"
"28/03/2026";"0800";"24,1";"24,4";"24,0";"84,0";"85,0";"83,0";"21,2";"21,4";"21,2";"1017,8";"1017,8";"1017,3";"0,3";"111,0";"1,4";"";"0,0"
"28/03/2026";"0900";"24,3";"24,4";"24,1";"82,0";"84,0";"82,0";"21,1";"21,3";"21,1";"1018,2";"1018,2";"1017,8";"0,9";"88,0";"1,9";"";"0,0"
"28/03/2026";"1000";"25,6";"25,6";"24,3";"76,0";"83,0";"76,0";"21,0";"21,1";"21,0";"1018,9";"1018,9";"1018,2";"0,9";"68,0";"2,1";"205,30";"0,0"
"28/03/2026";"1100";"27,3";"27,3";"25,6";"67,0";"76,0";"67,0";"20,7";"21,1";"20,3";"1019,8";"1019,8";"1018,9";"0,6";"43,0";"2,9";"1070,00";"0,0"
"28/03/2026";"1200";"26,9";"27,5";"26,4";"70,0";"73,0";"65,0";"20,9";"21,6";"20,1";"1020,0";"1020,1";"1019,8";"1,5";"314,0";"3,3";"1765,90";"0,0"
"28/03/2026";"1300";"27,9";"28,4";"26,8";"66,0";"72,0";"64,0";"21,0";"22,1";"20,2";"1020,0";"1020,1";"1019,9";"1,7";"324,0";"4,8";"2585,50";"0,0"
"28/03/2026";"1400";"27,9";"28,6";"27,2";"65,0";"69,0";"63,0";"20,7";"21,8";"20,3";"1019,8";"1020,0";"1019,8";"1,4";"284,0";"3,5";"2320,10";"0,0"
"28/03/2026";"1500";"29,5";"30,6";"27,9";"60,0";"65,0";"57,0";"21,0";"22,0";"20,1";"1018,8";"1019,8";"1018,8";"2,1";"225,0";"4,6";"2468,60";"0,0"
"28/03/2026";"1600";"30,1";"30,8";"29,0";"61,0";"63,0";"58,0";"21,8";"22,5";"20,9";"1017,7";"1018,8";"1017,7";"2,4";"256,0";"5,3";"2427,00";"0,0"
"28/03/2026";"1700";"31,1";"31,8";"30,1";"58,0";"61,0";"57,0";"21,8";"22,6";"21,6";"1016,9";"1017,7";"1016,9";"4,0";"215,0";"6,5";"3026,10";"0,0"
"28/03/2026";"1800";"30,5";"31,7";"30,3";"60,0";"60,0";"56,0";"21,8";"22,3";"21,3";"1016,5";"1016,9";"1016,5";"3,3";"181,0";"6,5";"2214,00";"0,0"
"28/03/2026";"1900";"30,0";"31,2";"30,0";"59,0";"60,0";"57,0";"21,2";"22,0";"21,1";"1016,5";"1016,5";"1016,3";"2,0";"183,0";"6,4";"1152,70";"0,0"
"28/03/2026";"2000";"29,8";"30,3";"29,8";"59,0";"60,0";"58,0";"20,8";"21,4";"20,8";"1016,7";"1016,8";"1016,4";"1,2";"54,0";"6,3";"254,00";"0,0"
"28/03/2026";"2100";"28,0";"29,9";"28,0";"61,0";"61,0";"58,0";"19,8";"21,0";"19,7";"1017,4";"1017,4";"1016,7";"1,8";"123,0";"5,0";"66,00";"0,0"
"28/03/2026";"2200";"26,9";"28,1";"26,9";"67,0";"67,0";"61,0";"20,2";"20,2";"19,8";"1018,0";"1018,1";"1017,4";"1,5";"100,0";"6,3";"";"0,0"
"28/03/2026";"2300";"26,7";"26,9";"26,6";"68,0";"69,0";"67,0";"20,3";"20,4";"20,2";"1018,8";"1018,8";"1018,0";"2,4";"55,0";"5,0";"";"0,0"
"29/03/2026";"0000";"26,4";"26,7";"26,4";"71,0";"71,0";"68,0";"20,7";"20,7";"20,3";"1019,3";"1019,3";"1018,8";"3,0";"68,0";"7,7";"";"0,0"
"29/03/2026";"0100";"26,0";"26,4";"26,0";"75,0";"75,0";"71,0";"21,1";"21,1";"20,7";"1019,3";"1019,4";"1019,3";"3,7";"64,0";"8,3";"";"0,0"
"29/03/2026";"0200";"25,7";"26,0";"25,7";"76,0";"77,0";"75,0";"21,2";"21,4";"21,1";"1019,5";"1019,5";"1019,2";"2,1";"74,0";"9,2";"";"0,0"
"29/03/2026";"0300";"25,5";"25,8";"25,5";"76,0";"76,0";"75,0";"21,0";"21,2";"20,8";"1019,2";"1019,5";"1019,2";"2,5";"72,0";"5,9";"";"0,0"
"29/03/2026";"0400";"25,1";"25,5";"25,1";"78,0";"78,0";"76,0";"21,0";"21,1";"20,9";"1018,3";"1019,2";"1018,3";"1,9";"79,0";"5,9";"";"0,0"
"29/03/2026";"0500";"24,8";"25,1";"24,8";"79,0";"79,0";"78,0";"21,0";"21,1";"20,9";"1017,6";"1018,3";"1017,6";"1,2";"74,0";"4,8";"";"0,0"
"29/03/2026";"0600";"24,2";"24,8";"23,8";"82,0";"84,0";"79,0";"21,0";"21,1";"20,7";"1017,3";"1017,7";"1017,3";"0,7";"60,0";"2,6";"";"0,0"
"29/03/2026";"0700";"23,8";"24,2";"23,5";"84,0";"85,0";"82,0";"21,0";"21,1";"20,7";"1017,4";"1017,4";"1017,3";"0,7";"59,0";"2,0";"";"0,0"
"29/03/2026";"0800";"23,3";"23,9";"23,2";"87,0";"88,0";"84,0";"21,1";"21,2";"20,8";"1017,3";"1017,5";"1017,2";"0,7";"46,0";"1,7";"";"0,0"
"29/03/2026";"0900";"22,8";"23,6";"22,8";"89,0";"89,0";"85,0";"20,8";"21,2";"20,8";"1017,8";"1017,8";"1017,3";"0,3";"299,0";"1,8";"";"0,0"
"29/03/2026";"1000";"25,0";"25,0";"22,8";"78,0";"89,0";"78,0";"21,0";"21,2";"20,7";"1018,0";"1018,0";"1017,8";"0,7";"70,0";"1,5";"215,90";"0,0"
"29/03/2026";"1100";"25,8";"26,1";"25,0";"71,0";"78,0";"71,0";"20,1";"21,0";"20,1";"1018,7";"1018,7";"1018,0";"1,0";"336,0";"2,2";"1068,40";"0,0"
"29/03/2026";"1200";"26,2";"26,6";"25,6";"73,0";"76,0";"70,0";"21,1";"21,6";"20,1";"1019,1";"1019,1";"1018,6";"1,0";"299,0";"3,5";"1931,10";"0,0"
"29/03/2026";"1300";"27,3";"27,9";"26,0";"67,0";"75,0";"67,0";"20,7";"21,9";"20,7";"1018,8";"1019,1";"1018,8";"1,4";"277,0";"3,5";"2598,50";"0,0"
"29/03/2026";"1400";"28,1";"28,4";"26,9";"62,0";"69,0";"61,0";"20,1";"21,1";"19,6";"1018,2";"1018,8";"1018,2";"2,0";"312,0";"3,8";"3047,40";"0,0"
"29/03/2026";"1500";"29,4";"29,4";"28,0";"57,0";"63,0";"57,0";"20,0";"21,3";"19,6";"1017,2";"1018,2";"1017,2";"1,6";"259,0";"3,8";"3270,30";"0,0"
"29/03/2026";"1600";"29,9";"30,4";"29,2";"53,0";"57,0";"53,0";"19,4";"20,2";"19,0";"1016,5";"1017,2";"1016,5";"2,6";"230,0";"6,0";"3276,80";"0,0"
"29/03/2026";"1700";"30,2";"31,1";"29,8";"53,0";"55,0";"52,0";"19,6";"20,5";"19,4";"1015,8";"1016,5";"1015,8";"2,8";"198,0";"5,8";"3074,70";"0,0"
"29/03/2026";"1800";"30,3";"30,8";"29,8";"56,0";"56,0";"53,0";"20,5";"20,5";"19,4";"1015,0";"1015,8";"1015,0";"3,4";"209,0";"6,3";"2480,80";"0,0"
"29/03/2026";"1900";"29,2";"30,6";"29,1";"58,0";"58,0";"55,0";"20,1";"20,8";"19,8";"1015,0";"1015,0";"1014,8";"2,1";"162,0";"6,0";"1437,50";"0,0"
"29/03/2026";"2000";"27,0";"29,2";"27,0";"69,0";"69,0";"58,0";"20,9";"21,0";"20,0";"1015,4";"1015,5";"1015,0";"3,2";"179,0";"8,5";"214,90";"0,0"
"29/03/2026";"2100";"26,4";"27,0";"26,2";"74,0";"74,0";"69,0";"21,3";"21,4";"20,9";"1015,5";"1015,6";"1015,4";"2,2";"179,0";"8,5";"74,20";"0,0"
"29/03/2026";"2200";"26,3";"26,4";"26,1";"74,0";"74,0";"73,0";"21,3";"21,3";"21,1";"1016,1";"1016,1";"1015,5";"1,4";"152,0";"6,7";"";"0,0"
"29/03/2026";"2300";"26,1";"26,3";"26,1";"75,0";"75,0";"74,0";"21,4";"21,5";"21,2";"1017,0";"1017,0";"1016,1";"1,6";"154,0";"5,1";"";"0,0"
"30/03/2026";"0000";"26,0";"26,2";"25,9";"76,0";"76,0";"75,0";"21,3";"21,6";"21,3";"1017,1";"1017,1";"1016,9";"1,1";"103,0";"3,5";"";"0,0"
"30/03/2026";"0100";"25,7";"26,0";"25,7";"75,0";"76,0";"75,0";"21,0";"21,3";"21,0";"1017,2";"1017,4";"1017,1";"0,8";"115,0";"3,3";"";"0,0"
"30/03/2026";"0200";"25,6";"25,7";"25,5";"76,0";"76,0";"75,0";"21,0";"21,0";"20,8";"1017,2";"1017,3";"1017,1";"0,7";"102,0";"1,7";"";"0,0"
"30/03/2026";"0300";"25,3";"25,6";"25,3";"78,0";"78,0";"76,0";"21,2";"21,2";"21,0";"1016,9";"1017,3";"1016,9";"1,0";"121,0";"3,0";"";"0,0"
"30/03/2026";"0400";"24,8";"25,3";"24,7";"80,0";"80,0";"78,0";"21,2";"21,2";"20,9";"1016,2";"1016,9";"1016,2";"0,4";"295,0";"2,6";"";"0,0"
"30/03/2026";"0500";"25,3";"25,4";"24,8";"77,0";"80,0";"76,0";"21,0";"21,3";"20,8";"1015,9";"1016,2";"1015,9";"0,7";"129,0";"1,7";"";"0,0"
"30/03/2026";"0600";"24,7";"25,3";"24,7";"80,0";"80,0";"77,0";"20,9";"21,1";"20,9";"1015,1";"1015,9";"1015,1";"0,5";"88,0";"1,7";"";"0,0"
"30/03/2026";"0700";"24,0";"24,7";"23,9";"83,0";"83,0";"80,0";"21,0";"21,0";"20,8";"1014,7";"1015,1";"1014,6";"0,4";"120,0";"1,7";"";"0,0"
"30/03/2026";"0800";"23,8";"24,3";"23,8";"84,0";"84,0";"82,0";"21,0";"21,1";"20,9";"1014,6";"1014,7";"1014,5";"0,4";"39,0";"2,1";"";"0,0"
"30/03/2026";"0900";"24,0";"24,1";"23,8";"85,0";"85,0";"84,0";"21,4";"21,4";"21,0";"1014,7";"1014,9";"1014,6";"0,6";"37,0";"3,0";"";"0,0"
"30/03/2026";"1000";"24,8";"24,8";"23,9";"82,0";"86,0";"82,0";"21,6";"21,8";"21,3";"1014,8";"1014,9";"1014,7";"0,8";"91,0";"2,5";"227,20";"0,0"
"30/03/2026";"1100";"26,7";"26,7";"24,8";"74,0";"82,0";"74,0";"21,7";"22,0";"21,1";"1015,0";"1015,0";"1014,8";"0,6";"51,0";"2,0";"997,30";"0,0"
"30/03/2026";"1200";"27,2";"27,6";"26,4";"73,0";"76,0";"70,0";"21,9";"22,3";"20,9";"1015,3";"1015,3";"1015,0";"1,0";"319,0";"2,7";"1956,80";"0,0"
"30/03/2026";"1300";"";"";"";"";"";"";"";"";"";"";"";"";"";"";"";"";""
"30/03/2026";"1400";"";"";"";"";"";"";"";"";"";"";"";"";"";"";"";"";""
"30/03/2026";"1500";"";"";"";"";"";"";"";"";"";"";"";"";"";"";"";"";""
"30/03/2026";"1600";"";"";"";"";"";"";"";"";"";"";"";"";"";"";"";"";""
"30/03/2026";"1700";"";"";"";"";"";"";"";"";"";"";"";"";"";"";"";"";""
"30/03/2026";"1800";"";"";"";"";"";"";"";"";"";"";"";"";"";"";"";"";""
"30/03/2026";"1900";"";"";"";"";"";"";"";"";"";"";"";"";"";"";"";"";""
"30/03/2026";"2000";"";"";"";"";"";"";"";"";"";"";"";"";"";"";"";"";""
"30/03/2026";"2100";"";"";"";"";"";"";"";"";"";"";"";"";"";"";"";"";""
"30/03/2026";"2200";"";"";"";"";"";"";"";"";"";"";"";"";"";"";"";"";""
"30/03/2026";"2300";"";"";"";"";"";"";"";"";"";"";"";"";"";"";"";"";""
"31/03/2026";"0000";"";"";"";"";"";"";"";"";"";"";"";"";"";"";"";"";""
"31/03/2026";"0100";"";"";"";"";"";"";"";"";"";"";"";"";"";"";"";"";""
"31/03/2026";"0200";"";"";"";"";"";"";"";"";"";"";"";"";"";"";"";"";""
"31/03/2026";"0300";"";"";"";"";"";"";"";"";"";"";"";"";"";"";"";"";""
"31/03/2026";"0400";"";"";"";"";"";"";"";"";"";"";"";"";"";"";"";"";""
"31/03/2026";"0500";"";"";"";"";"";"";"";"";"";"";"";"";"";"";"";"";""
"31/03/2026";"0600";"";"";"";"";"";"";"";"";"";"";"";"";"";"";"";"";""
"31/03/2026";"0700";"";"";"";"";"";"";"";"";"";"";"";"";"";"";"";"";""
"31/03/2026";"0800";"";"";"";"";"";"";"";"";"";"";"";"";"";"";"";"";""
"31/03/2026";"0900";"";"";"";"";"";"";"";"";"";"";"";"";"";"";"";"";""
"31/03/2026";"1000";"";"";"";"";"";"";"";"";"";"";"";"";"";"";"";"";""
"31/03/2026";"1100";"";"";"";"";"";"";"";"";"";"";"";"";"";"";"";"";""
"31/03/2026";"1200";"";"";"";"";"";"";"";"";"";"";"";"";"";"";"";"";""
"31/03/2026";"1300";"";"";"";"";"";"";"";"";"";"";"";"";"";"";"";"";""
"31/03/2026";"1400";"";"";"";"";"";"";"";"";"";"";"";"";"";"";"";"";""
"31/03/2026";"1500";"";"";"";"";"";"";"";"";"";"";"";"";"";"";"";"";""
"31/03/2026";"1600";"";"";"";"";"";"";"";"";"";"";"";"";"";"";"";"";""
"31/03/2026";"1700";"";"";"";"";"";"";"";"";"";"";"";"";"";"";"";"";""
"31/03/2026";"1800";"";"";"";"";"";"";"";"";"";"";"";"";"";"";"";"";""
"31/03/2026";"1900";"";"";"";"";"";"";"";"";"";"";"";"";"";"";"";"";""
"31/03/2026";"2000";"";"";"";"";"";"";"";"";"";"";"";"";"";"";"";"";""
"31/03/2026";"2100";"";"";"";"";"";"";"";"";"";"";"";"";"";"";"";"";""
"31/03/2026";"2200";"";"";"";"";"";"";"";"";"";"";"";"";"";"";"";"";""
"31/03/2026";"2300";"";"";"";"";"";"";"";"";"";"";"";"";"";"";"";"";""